Vge,Ice,Vce
15.8,376.00,32
15.8,376.00,8
15.2,376.00,16
15.8,376.00,16
15.6,372.00,24
15.4,372.00,8
15.4,372.00,32
15.6,372.00,16
15.6,372.00,24
15.4,376.00,8
15.6,376.00,24
15.6,376.00,16
15.6,376.00,16
15.6,372.00,16
15.6,368.00,24
15.6,372.00,8
15.8,372.00,8
15.6,380.00,24
15.4,380.00,32
15.4,380.00,16
15.8,376.00,8
15.8,376.00,16
15.6,376.00,8
15.4,376.00,0
16.0,376.00,8
15.6,372.00,16
15.6,376.00,0
15.4,376.00,16
15.8,376.00,8
15.6,372.00,24
15.8,372.00,8
15.8,372.00,16
15.8,376.00,8
15.6,380.00,16
15.8,380.00,8
15.6,372.00,16
15.6,376.00,8
15.4,372.00,24
15.4,376.00,8
15.6,376.00,16
15.6,376.00,16
15.8,376.00,16
15.6,376.00,16
15.6,376.00,24
15.4,376.00,8
15.8,376.00,16
15.4,376.00,8
15.6,376.00,16
15.6,376.00,8
15.6,376.00,24
15.6,376.00,16
15.6,376.00,16
15.6,376.00,16
15.6,376.00,16
15.6,376.00,16
15.6,372.00,8
15.8,376.00,24
15.8,380.00,8
15.6,380.00,16
15.6,380.00,8
15.6,376.00,16
15.8,380.00,0
15.6,372.00,8
15.6,376.00,16
15.6,376.00,16
15.6,376.00,8
15.4,376.00,16
15.6,380.00,16
15.2,376.00,16
15.8,380.00,8
15.6,376.00,16
15.6,376.00,8
15.6,380.00,16
15.6,376.00,8
15.6,376.00,24
15.6,376.00,8
15.6,376.00,16
15.4,384.00,8
15.4,380.00,24
15.8,380.00,8
15.4,380.00,16
15.6,380.00,8
15.6,372.00,8
15.6,376.00,16
15.6,380.00,16
15.4,376.00,8
15.8,380.00,16
15.8,380.00,16
15.6,380.00,16
15.6,380.00,16
15.8,380.00,8
16.0,380.00,24
15.6,376.00,8
15.4,376.00,24
15.8,376.00,8
15.6,380.00,8
15.8,376.00,8
15.6,376.00,16
15.8,376.00,0
15.6,380.00,16
15.6,380.00,16
15.4,380.00,32
15.6,384.00,24
15.6,376.00,24
15.4,376.00,16
15.6,380.00,16
15.6,380.00,8
15.6,380.00,16
15.8,380.00,8
15.4,376.00,24
15.6,376.00,16
15.6,376.00,24
15.4,372.00,16
15.6,376.00,16
15.6,380.00,16
15.8,380.00,8
15.6,376.00,24
15.4,380.00,32
15.4,376.00,16
15.8,376.00,16
15.6,380.00,8
15.8,380.00,16
15.8,380.00,0
15.8,380.00,8
16.0,376.00,8
15.6,380.00,8
15.4,380.00,24
15.8,380.00,8
15.4,380.00,24
15.6,380.00,16
15.4,380.00,24
15.8,380.00,8
15.6,380.00,16
15.6,384.00,8
15.6,384.00,16
15.6,384.00,16
15.4,380.00,24
15.6,380.00,8
15.4,380.00,24
15.4,380.00,8
15.6,384.00,16
15.6,384.00,16
15.4,376.00,8
15.6,380.00,0
15.6,384.00,16
15.6,376.00,8
15.6,380.00,16
15.6,380.00,8
15.4,380.00,24
15.6,388.00,16
15.8,384.00,24
15.6,384.00,16
15.6,384.00,16
15.6,380.00,24
15.8,380.00,16
15.6,384.00,24
15.8,380.00,16
15.6,384.00,24
15.6,380.00,16
15.4,384.00,8
15.8,380.00,8
15.6,380.00,16
15.8,380.00,8
15.6,380.00,16
15.6,380.00,8
15.6,376.00,16
15.6,380.00,16
15.6,380.00,16
15.4,384.00,16
15.6,380.00,16
15.6,384.00,8
15.6,380.00,24
15.6,384.00,8
15.4,380.00,24
15.4,388.00,8
15.4,384.00,16
15.6,388.00,8
15.6,384.00,16
15.6,380.00,0
15.6,384.00,16
15.8,380.00,16
15.6,384.00,16
15.6,384.00,0
15.6,384.00,8
15.6,388.00,8
15.8,388.00,8
15.6,384.00,16
15.8,384.00,16
15.4,384.00,16
15.8,384.00,8
15.6,388.00,16
15.8,384.00,8
15.6,384.00,8
15.8,388.00,8
15.6,380.00,16
15.6,384.00,16
15.8,384.00,16
15.6,384.00,0
15.6,384.00,24
15.6,384.00,16
15.6,384.00,32
15.6,388.00,8
15.4,388.00,24
15.4,384.00,8
15.6,388.00,24
15.6,380.00,8
15.8,384.00,16
15.6,384.00,8
15.6,380.00,16
15.6,384.00,16
15.6,384.00,16
15.6,380.00,8
15.6,384.00,24
15.8,384.00,8
15.6,380.00,16
15.6,384.00,24
15.6,384.00,24
15.4,392.00,16
15.6,384.00,8
15.8,384.00,16
15.6,388.00,16
15.6,388.00,8
15.8,388.00,8
15.8,384.00,16
15.6,384.00,8
15.6,380.00,16
15.6,384.00,8
15.4,388.00,16
15.8,392.00,16
15.6,384.00,16
15.8,388.00,8
15.6,388.00,16
15.6,388.00,8
15.4,384.00,16
15.6,388.00,8
15.6,384.00,16
15.6,384.00,8
15.6,388.00,16
15.6,388.00,16
15.8,388.00,24
15.8,388.00,16
15.6,384.00,16
15.6,384.00,0
15.4,388.00,16
15.6,388.00,8
15.6,384.00,16
15.6,388.00,16
15.6,388.00,16
15.4,392.00,16
15.8,388.00,16
15.8,388.00,16
15.8,388.00,16
15.4,384.00,8
15.8,384.00,16
15.6,388.00,16
15.6,388.00,16
15.6,388.00,16
15.6,388.00,8
15.4,392.00,16
15.8,388.00,0
15.6,396.00,24
15.6,388.00,16
15.6,384.00,16
15.6,388.00,16
15.8,392.00,24
15.8,392.00,8
15.6,388.00,16
15.8,392.00,0
15.4,388.00,24
15.6,392.00,8
15.4,388.00,16
15.6,392.00,0
15.6,388.00,24
15.6,388.00,16
15.6,388.00,24
15.8,388.00,8
15.6,388.00,24
15.6,384.00,8
15.6,384.00,16
15.8,384.00,8
15.6,384.00,16
15.6,392.00,8
15.8,388.00,16
15.6,392.00,16
15.8,392.00,16
15.6,388.00,16
15.4,388.00,24
15.4,388.00,24
15.6,392.00,16
15.8,388.00,16
15.8,388.00,16
15.6,392.00,24
15.8,392.00,8
15.6,392.00,8
15.6,396.00,8
15.6,392.00,8
15.8,388.00,8
15.8,388.00,24
15.6,392.00,16
15.6,388.00,24
15.6,388.00,16
15.6,384.00,16
15.6,392.00,8
15.6,392.00,24
15.6,388.00,16
15.6,392.00,24
15.6,388.00,8
15.4,388.00,32
15.2,392.00,16
15.6,392.00,16
15.4,392.00,8
15.6,396.00,24
15.6,396.00,16
15.6,392.00,16
15.6,388.00,16
15.6,392.00,32
15.4,396.00,16
15.6,388.00,16
15.6,388.00,8
15.6,392.00,8
15.4,396.00,8
15.8,392.00,0
15.8,388.00,16
15.8,396.00,8
15.6,392.00,24
15.6,388.00,8
15.4,392.00,24
15.8,392.00,24
15.6,384.00,8
15.8,392.00,8
15.8,392.00,16
15.8,396.00,8
15.6,392.00,16
16.0,396.00,8
15.6,392.00,24
15.4,392.00,8
15.6,388.00,16
15.8,392.00,16
15.6,392.00,24
15.6,392.00,8
15.4,392.00,24
15.4,392.00,16
15.4,392.00,24
15.6,388.00,16
15.8,392.00,16
15.6,392.00,16
15.8,392.00,24
15.6,400.00,16
15.6,392.00,16
15.6,392.00,16
15.6,392.00,16
15.6,392.00,24
15.8,392.00,16
15.4,392.00,16
15.8,388.00,8
15.6,396.00,24
15.6,396.00,16
15.4,400.00,32
15.6,396.00,8
15.4,392.00,8
13.4,400.00,8
10.4,392.00,24
8.4,396.00,8
6.4,396.00,8
5.8,392.00,16
5.6,392.00,16
5.6,396.00,0
4.6,392.00,16
4.0,392.00,8
3.8,396.00,16
4.2,396.00,8
4.8,392.00,16
5.8,392.00,16
5.8,388.00,16
5.8,396.00,8
5.6,400.00,24
5.6,392.00,8
6.2,392.00,16
6.6,396.00,8
6.8,396.00,16
6.8,392.00,16
6.4,396.00,16
6.2,396.00,16
6.0,400.00,16
6.2,392.00,16
6.4,392.00,24
6.2,392.00,24
6.2,396.00,8
5.8,392.00,16
5.6,392.00,8
5.4,392.00,8
5.8,392.00,8
5.8,396.00,16
5.2,396.00,8
5.2,396.00,16
5.2,396.00,8
5.2,396.00,24
5.0,396.00,16
4.8,396.00,24
5.0,396.00,8
4.6,396.00,24
4.6,396.00,8
4.0,396.00,16
4.0,396.00,0
3.8,392.00,16
3.6,400.00,8
3.0,396.00,16
2.6,396.00,8
2.2,400.00,16
1.8,404.00,16
1.4,396.00,16
1.2,400.00,24
0.6,396.00,24
0.2,396.00,32
-0.4,396.00,32
-0.8,396.00,16
-1.0,396.00,16
-1.4,396.00,8
-2.0,400.00,16
-2.2,396.00,0
-2.4,396.00,8
-2.8,396.00,16
-2.8,392.00,16
-2.8,400.00,24
-2.6,396.00,8
-2.6,392.00,24
-2.8,396.00,8
-2.8,396.00,24
-2.6,404.00,8
-2.4,392.00,16
-2.4,400.00,8
-2.2,400.00,16
-2.2,400.00,8
-2.2,396.00,24
-2.2,396.00,8
-2.2,400.00,24
-2.2,396.00,16
-2.0,396.00,16
-2.2,400.00,16
-2.4,400.00,24
-2.4,396.00,8
-2.4,396.00,16
-2.4,400.00,16
-2.6,396.00,16
-2.6,392.00,16
-2.6,396.00,8
-2.6,400.00,16
-2.4,396.00,16
-2.6,400.00,16
-2.6,400.00,16
-2.8,400.00,16
-2.6,396.00,8
-2.6,396.00,8
-2.6,396.00,8
-2.8,400.00,16
-2.8,400.00,16
-2.6,400.00,24
-2.8,400.00,8
-2.8,404.00,16
-2.8,404.00,8
-2.8,400.00,16
-2.8,404.00,16
-2.8,400.00,24
-2.8,400.00,16
-2.8,396.00,24
-3.0,404.00,8
-3.0,400.00,16
-3.0,400.00,16
-2.8,396.00,24
-3.0,400.00,16
-3.0,396.00,8
-3.2,400.00,16
-2.8,392.00,32
-3.0,400.00,16
-2.8,404.00,32
-3.0,400.00,8
-3.2,396.00,24
-2.8,400.00,16
-3.0,396.00,16
-3.0,404.00,8
-3.0,400.00,24
-3.2,404.00,32
-3.2,400.00,24
-3.0,400.00,24
-3.2,400.00,16
-3.0,400.00,16
-3.0,400.00,16
-3.0,404.00,24
-3.0,396.00,16
-3.0,396.00,16
-3.0,400.00,16
-3.0,400.00,16
-3.2,400.00,8
-3.4,404.00,16
-3.2,396.00,0
-3.2,396.00,24
-3.2,404.00,8
-3.2,400.00,32
-3.2,400.00,16
-3.0,404.00,24
-3.0,408.00,8
-2.8,400.00,24
-3.2,400.00,16
-3.0,396.00,24
-3.2,404.00,16
-3.2,400.00,24
-3.0,404.00,24
-3.0,400.00,24
-3.0,404.00,16
-3.2,404.00,24
-3.0,404.00,16
-2.8,404.00,24
-3.4,400.00,24
-3.0,404.00,40
-3.2,400.00,16
-2.8,400.00,24
-3.2,404.00,16
-3.4,404.00,16
-3.0,400.00,16
-3.2,400.00,8
-3.0,396.00,24
-3.2,400.00,16
-3.2,408.00,32
-3.0,404.00,16
-3.2,400.00,32
-3.2,400.00,16
-3.4,400.00,24
-3.2,404.00,16
-3.0,404.00,24
-3.4,404.00,24
-3.2,404.00,24
-3.0,404.00,8
-3.2,404.00,24
-3.2,400.00,16
-3.0,404.00,32
-3.0,400.00,24
-3.2,400.00,24
-3.4,404.00,16
-3.2,400.00,32
-3.2,404.00,8
-3.0,404.00,32
-3.0,404.00,16
-3.2,400.00,24
-3.4,408.00,16
-3.2,404.00,24
-3.2,404.00,16
-3.0,404.00,24
-3.2,404.00,24
-3.4,404.00,24
-3.2,400.00,24
-3.0,404.00,24
-3.0,400.00,32
-3.0,408.00,16
-3.2,404.00,24
-3.2,408.00,24
-3.2,404.00,24
-3.2,404.00,16
-3.0,404.00,24
-3.2,404.00,16
-3.4,404.00,24
-3.2,404.00,16
-3.0,408.00,32
-3.4,400.00,24
-3.2,400.00,16
-3.2,404.00,16
-3.2,396.00,32
-3.0,404.00,24
-3.2,404.00,32
-3.2,404.00,16
-3.0,400.00,24
-3.4,408.00,8
-3.2,404.00,32
-3.4,400.00,16
-3.4,404.00,32
-3.2,404.00,24
-3.2,404.00,24
-3.0,404.00,16
-3.2,408.00,24
-3.2,404.00,24
-3.2,404.00,24
-3.2,408.00,24
-3.0,412.00,32
-3.2,404.00,32
-3.0,404.00,40
-3.2,400.00,32
-3.0,404.00,24
-3.2,408.00,24
-3.0,400.00,16
-3.2,412.00,24
-3.0,408.00,24
-3.2,404.00,16
-3.0,404.00,16
-3.4,404.00,24
-3.2,408.00,16
-3.0,404.00,32
-3.0,408.00,24
-3.2,408.00,24
-3.2,404.00,24
-3.0,408.00,32
-3.2,408.00,24
-3.0,404.00,32
-3.2,408.00,16
-3.0,408.00,24
-3.2,412.00,24
-3.2,404.00,32
-3.0,408.00,24
-3.2,404.00,32
-3.0,408.00,32
-3.4,408.00,40
-3.2,408.00,32
-3.2,408.00,24
-3.0,412.00,40
-3.2,408.00,40
-3.2,412.00,32
-3.2,408.00,40
-3.2,412.00,32
-3.4,408.00,40
-3.2,408.00,40
-3.2,404.00,32
-3.4,404.00,48
-3.4,404.00,40
-3.4,408.00,48
-3.4,412.00,48
-3.2,404.00,56
-3.4,408.00,48
-3.4,408.00,56
-3.4,408.00,56
-3.4,408.00,72
-3.4,412.00,56
-3.2,408.00,72
-3.4,408.00,72
-3.2,408.00,80
-3.4,408.00,72
-3.2,408.00,88
-3.4,408.00,88
-3.2,404.00,96
-3.6,404.00,96
-3.2,408.00,96
-3.2,408.00,96
-3.2,404.00,120
-3.2,412.00,112
-3.2,404.00,128
-3.4,404.00,128
-3.6,404.00,136
-3.0,408.00,152
-3.0,404.00,144
-3.4,404.00,160
-3.2,408.00,168
-3.2,404.00,176
-3.2,408.00,184
-3.4,408.00,200
-3.4,408.00,200
-3.4,404.00,216
-3.6,408.00,224
-3.4,404.00,240
-3.4,408.00,240
-3.2,404.00,248
-3.4,408.00,264
-3.4,408.00,272
-3.0,408.00,288
-3.2,404.00,304
-3.6,404.00,312
-3.6,404.00,336
-3.4,404.00,336
-3.4,404.00,360
-3.4,408.00,368
-3.4,408.00,384
-3.4,404.00,392
-3.4,404.00,408
-3.6,404.00,424
-3.4,408.00,448
-3.6,408.00,456
-3.6,404.00,472
-3.4,408.00,488
-3.4,400.00,512
-3.2,400.00,528
-3.2,400.00,544
-3.4,400.00,560
-3.4,404.00,584
-3.4,404.00,608
-3.2,400.00,624
-3.4,404.00,640
-3.4,404.00,664
-3.6,400.00,672
-3.6,400.00,704
-3.6,404.00,712
-3.4,400.00,744
-3.6,400.00,768
-3.6,400.00,784
-3.6,400.00,800
-3.6,400.00,824
-3.6,400.00,840
-3.6,400.00,872
-3.4,400.00,888
-3.6,392.00,912
-4.0,392.00,912
-4.0,392.00,944
-4.0,388.00,952
-4.0,384.00,992
-4.0,372.00,960
-4.2,364.00,1016
-4.2,352.00,1008
-4.4,340.00,1032
-4.6,328.00,1032
-4.6,316.00,1048
-4.6,312.00,1040
-4.8,308.00,1048
-5.0,304.00,1048
-5.2,292.00,1056
-5.2,276.00,1056
-5.6,272.00,1056
-5.8,256.00,1064
-6.0,248.00,1048
-6.2,232.00,1048
-6.2,232.00,1040
-6.2,220.00,1048
-6.4,216.00,1032
-6.4,208.00,1032
-6.8,208.00,1040
-6.6,200.00,1032
-6.8,204.00,1016
-6.8,204.00,1024
-7.0,196.00,1008
-7.0,192.00,1016
-7.0,192.00,1000
-7.0,180.00,1016
-7.2,180.00,992
-7.4,176.00,1016
-7.2,168.00,1000
-7.0,168.00,1016
-7.4,168.00,992
-7.4,160.00,1000
-7.4,160.00,992
-7.4,160.00,1008
-7.2,156.00,984
-7.6,152.00,1000
-7.6,148.00,984
-7.4,144.00,984
-7.4,144.00,984
-7.4,140.00,984
-7.6,140.00,976
-7.8,136.00,992
-7.6,132.00,976
-7.6,132.00,984
-7.6,132.00,976
-7.6,128.00,984
-7.6,128.00,984
-7.6,120.00,984
-7.8,124.00,968
-7.4,124.00,968
-7.6,120.00,976
-7.8,116.00,968
-7.6,116.00,976
-7.8,120.00,968
-7.6,120.00,976
-7.8,112.00,960
-7.8,112.00,968
-7.8,108.00,952
-7.8,104.00,968
-7.6,108.00,952
-7.8,108.00,960
-7.8,104.00,952
-8.0,104.00,968
-7.8,100.00,952
-7.8,96.00,968
-7.6,96.00,944
-7.8,96.00,952
-7.6,96.00,944
-8.0,100.00,952
-7.6,96.00,952
-8.0,92.00,952
-7.8,96.00,944
-8.0,96.00,952
-8.0,88.00,944
-7.8,84.00,952
-7.6,92.00,944
-7.8,88.00,952
-8.0,92.00,952
-8.0,92.00,952
-8.0,96.00,952
-7.8,88.00,952
-8.0,88.00,944
-8.0,84.00,952
-8.0,84.00,936
-8.0,84.00,944
-7.8,80.00,944
-8.0,80.00,944
-8.0,84.00,944
-7.8,84.00,936
-8.0,80.00,936
-8.0,84.00,944
-8.0,80.00,944
-7.6,76.00,944
-8.0,80.00,952
-8.0,76.00,936
-8.0,80.00,952
-8.0,80.00,936
-8.0,76.00,952
-7.8,80.00,936
-8.0,80.00,952
-8.0,76.00,936
-8.0,72.00,944
-8.0,80.00,936
-8.0,76.00,944
-7.8,80.00,928
-8.0,72.00,944
-8.2,76.00,936
-8.0,76.00,944
-8.0,72.00,936
-8.0,64.00,944
-7.8,72.00,944
-8.2,72.00,944
-8.0,68.00,936
-8.0,72.00,936
-8.2,72.00,936
-8.0,72.00,936
-8.0,68.00,936
-8.0,68.00,936
-8.2,64.00,936
-8.2,72.00,928
-8.2,72.00,944
-8.0,68.00,944
-8.0,68.00,944
-8.2,60.00,928
-8.2,64.00,944
-8.2,68.00,920
-8.0,60.00,936
-8.0,64.00,928
-8.2,64.00,944
-8.0,64.00,920
-8.2,64.00,944
-8.2,64.00,936
-8.4,64.00,944
-8.2,64.00,936
-8.2,64.00,928
-8.0,60.00,920
-8.2,64.00,944
-8.0,68.00,928
-8.0,60.00,928
-8.2,60.00,928
-8.2,56.00,936
-8.2,60.00,928
-8.0,56.00,936
-8.0,60.00,920
-8.2,60.00,936
-8.2,56.00,928
-8.2,60.00,936
-8.2,60.00,936
-8.2,64.00,936
-8.0,60.00,936
-8.4,56.00,936
-8.2,52.00,928
-8.0,56.00,928
-8.2,56.00,936
-8.2,56.00,928
-8.2,52.00,928
-8.2,56.00,936
-8.0,52.00,936
-8.2,56.00,928
-8.4,48.00,936
-8.0,52.00,912
-8.2,52.00,936
-8.2,52.00,920
-8.4,48.00,936
-8.4,56.00,928
-8.2,48.00,936
-8.0,52.00,912
-8.4,52.00,936
-8.0,48.00,920
-8.2,48.00,928
-8.2,52.00,920
-8.0,52.00,928
-8.4,48.00,928
-8.2,48.00,928
-8.2,48.00,928
-8.2,48.00,936
-8.4,52.00,928
-8.2,48.00,928
-8.2,52.00,936
-8.2,52.00,936
-8.2,48.00,928
-8.4,48.00,928
-8.0,52.00,936
-8.4,48.00,928
-8.2,44.00,928
-8.4,44.00,920
-8.2,44.00,928
-8.4,48.00,920
-8.4,44.00,936
-8.2,48.00,920
-8.2,40.00,936
-8.0,44.00,928
-8.4,48.00,936
-8.2,40.00,920
-8.4,44.00,936
-8.4,44.00,920
-8.2,44.00,936
-8.0,36.00,912
-8.2,40.00,936
-8.2,44.00,920
-8.4,40.00,928
-8.2,44.00,928
-8.4,44.00,936
-8.2,44.00,920
-8.2,40.00,928
-8.4,40.00,928
-8.2,40.00,928
-8.4,40.00,928
-8.4,44.00,936
-8.0,44.00,928
-8.4,40.00,928
-8.2,40.00,920
-8.2,40.00,920
-8.2,40.00,920
-8.4,36.00,920
-8.4,36.00,920
-8.2,36.00,928
-8.4,36.00,936
-8.4,40.00,920
-8.4,36.00,936
-8.4,36.00,920
-8.6,32.00,936
-8.4,32.00,920
-8.4,32.00,928
-8.4,36.00,912
-8.4,36.00,928
-8.2,32.00,912
-8.4,32.00,928
-8.4,36.00,920
-8.4,32.00,928
-8.2,32.00,920
-8.4,32.00,928
-8.2,36.00,912
-8.2,32.00,928
-8.4,32.00,912
-8.4,28.00,920
-8.2,32.00,912
-8.4,32.00,928
-8.4,32.00,928
-8.4,32.00,920
-8.4,32.00,920
-8.2,28.00,928
-8.4,32.00,920
-8.2,36.00,928
-8.6,36.00,928
-8.4,36.00,912
-8.4,32.00,928
-8.4,32.00,928
-8.2,28.00,928
-8.4,28.00,920
-8.6,28.00,920
-8.4,32.00,920
-8.6,28.00,936
-8.4,28.00,920
-8.4,28.00,928
-8.4,28.00,920
-8.4,24.00,928
-8.4,28.00,920
-8.6,28.00,928
-8.2,28.00,920
-8.4,32.00,928
-8.4,24.00,912
-8.6,32.00,928
-8.4,32.00,920
-8.6,32.00,928
-8.6,28.00,920
-8.4,28.00,928
-8.4,24.00,920
-8.4,24.00,920
-8.4,24.00,912
-8.4,20.00,920
-8.4,28.00,912
-8.4,24.00,928
-8.4,24.00,920
-8.4,24.00,928
-8.4,28.00,920
-8.2,24.00,936
-8.4,20.00,920
-8.4,24.00,928
-8.6,24.00,928
-8.4,20.00,928
-8.2,24.00,928
-8.2,20.00,928
-8.6,20.00,920
-8.4,20.00,920
-8.2,24.00,928
-8.4,20.00,912
-8.6,24.00,928
-8.6,20.00,920
-8.4,20.00,928
-8.4,20.00,920
-8.4,24.00,928
-8.6,24.00,920
-8.4,20.00,928
-8.4,24.00,928
-8.6,20.00,928
-8.4,24.00,920
-8.4,20.00,928
-8.2,16.00,920
-8.4,16.00,920
-8.4,20.00,920
-8.4,20.00,920
-8.4,20.00,920
-8.6,20.00,928
-8.6,20.00,920
-8.6,24.00,920
-8.4,16.00,912
-8.6,20.00,920
-8.4,24.00,920
-8.2,24.00,920
-8.2,20.00,920
-8.4,20.00,920
-8.6,20.00,920
-8.4,16.00,920
-8.4,20.00,936
-8.2,16.00,920
-8.4,20.00,920
-8.4,16.00,912
-8.4,20.00,928
-8.4,20.00,912
-8.6,12.00,928
-8.6,16.00,920
-8.6,12.00,920
-8.6,12.00,912
-8.8,16.00,928
-8.4,16.00,920
-8.6,16.00,928
-8.2,16.00,920
-8.6,16.00,920
-8.4,16.00,912
-8.6,12.00,920
-8.4,16.00,920
-8.6,16.00,928
-8.4,20.00,912
-8.4,12.00,928
-8.4,20.00,912
-8.6,12.00,928
-8.6,16.00,912
-8.6,20.00,920
-8.6,20.00,912
-8.6,16.00,920
-8.4,20.00,920
-8.2,24.00,912
-8.6,16.00,920
-8.4,16.00,912
-8.6,16.00,928
-8.4,12.00,928
-8.4,16.00,928
-8.6,12.00,920
-8.4,16.00,920
-8.4,16.00,920
-8.6,12.00,920
-8.4,12.00,920
-8.6,12.00,920
-8.4,12.00,912
-8.4,16.00,928
-8.6,12.00,920
-8.4,12.00,928
-8.4,12.00,912
-8.6,16.00,928
-8.4,16.00,920
-8.4,16.00,920
-8.6,16.00,904
-8.4,12.00,928
-8.4,8.00,912
-8.8,12.00,920
-8.4,16.00,920
-8.4,12.00,920
-8.4,16.00,912
-8.4,12.00,920
-8.6,16.00,920
-8.6,12.00,920
-8.4,12.00,920
-8.6,8.00,920
-8.6,16.00,920
-8.4,16.00,928
-8.4,12.00,920
-8.6,12.00,920
-8.4,12.00,920
-8.2,20.00,912
-8.4,20.00,928
-8.6,12.00,920
-8.4,16.00,920
-8.6,16.00,920
-8.6,12.00,920
-8.4,16.00,912
-8.6,12.00,920
-8.6,8.00,912
-8.6,12.00,928
-8.4,16.00,920
-8.6,12.00,928
-8.4,16.00,920
-8.4,12.00,928
-8.4,8.00,912
-8.6,12.00,928
-8.4,12.00,912
-8.6,12.00,928
-8.2,8.00,920
-8.4,12.00,928
-8.4,12.00,920
-8.6,12.00,920
-8.4,8.00,912
-8.4,12.00,920
-8.6,16.00,912
-8.4,12.00,920
-8.6,8.00,920
-8.6,12.00,928
-8.4,16.00,920
-8.6,8.00,920
-8.4,12.00,920
-8.4,8.00,920
-8.6,16.00,928
-8.6,8.00,920
-8.6,12.00,912
-8.2,8.00,920
-8.6,12.00,920
-8.6,8.00,912
-8.6,12.00,920
-8.4,12.00,920
-8.6,8.00,928
-8.6,8.00,912
-8.6,12.00,928
-8.4,12.00,904
-8.6,8.00,928
-8.6,12.00,920
-8.8,8.00,920
-8.4,12.00,912
-8.6,12.00,928
-8.6,12.00,912
-8.6,12.00,920
-8.4,16.00,912
-8.6,12.00,920
-8.4,8.00,912
-8.6,8.00,928
-8.4,8.00,912
-8.6,4.00,920
-8.6,12.00,912
-8.6,12.00,920
-8.4,12.00,912
-8.6,8.00,920
-8.4,12.00,912
-8.4,8.00,920
-8.4,12.00,928
-8.6,4.00,920
-8.6,8.00,928
-8.6,8.00,920
-8.6,8.00,928
-8.4,12.00,912
-8.6,8.00,912
-8.6,4.00,904
-8.8,12.00,920
-8.4,12.00,912
-8.6,8.00,920
-8.6,8.00,912
-8.4,8.00,928
-8.6,12.00,912
-8.4,8.00,928
-8.6,8.00,912
-8.6,8.00,928
-8.8,8.00,912
-8.6,8.00,928
-8.6,12.00,912
-8.6,8.00,928
-8.4,8.00,912
-8.6,12.00,920
-8.4,12.00,912
-8.4,4.00,920
-8.6,12.00,912
-8.6,12.00,920
-8.4,12.00,912
-8.4,8.00,920
-8.6,12.00,912
-8.8,12.00,920
-8.6,12.00,920
-8.4,8.00,920
-8.6,8.00,920
-8.4,8.00,920
-8.6,8.00,920
-8.4,8.00,920
-8.6,4.00,912
-8.4,4.00,912
-8.6,0.00,912
-8.6,4.00,912
-8.6,8.00,912
-8.6,4.00,920
-8.6,12.00,920
-8.4,8.00,912
-8.6,8.00,920
-8.6,8.00,912
-8.6,8.00,920
-8.6,8.00,904
-8.6,8.00,928
-8.6,8.00,912
-8.4,12.00,936
-8.6,12.00,912
-8.6,4.00,928
-8.4,8.00,912
-8.6,4.00,920
-8.4,12.00,920
-8.4,8.00,912
-8.4,8.00,904
-8.6,8.00,928
-8.6,8.00,920
-8.6,4.00,928
-8.4,4.00,920
-8.4,8.00,928
-8.4,16.00,928
-8.6,12.00,920
-8.6,8.00,912
-8.6,8.00,912
-8.6,16.00,920
-8.6,8.00,928
-8.4,4.00,912
-8.4,8.00,920
-8.6,8.00,920
-8.6,4.00,912
-8.6,4.00,928
-8.6,8.00,912
-8.6,4.00,928
-8.6,4.00,912
-8.8,8.00,928
-8.4,4.00,904
-8.6,12.00,928
-8.2,8.00,912
-8.8,8.00,928
-8.6,8.00,912
-8.6,8.00,912
-8.6,12.00,912
-8.8,8.00,920
-8.4,12.00,912
-8.4,4.00,920
-8.4,8.00,912
-8.4,4.00,912
-8.4,8.00,912
-8.8,4.00,912
-8.4,4.00,920
-8.6,8.00,920
-8.6,12.00,920
-8.6,4.00,920
-8.6,8.00,912
-8.6,8.00,912
-8.6,8.00,920
-8.6,8.00,920
-8.6,8.00,920
-8.6,8.00,912
-8.4,8.00,920
-8.6,4.00,912
-8.6,8.00,920
-8.6,4.00,920
-8.6,8.00,920
-8.6,0.00,912
-8.6,8.00,920
-8.6,8.00,912
-8.4,4.00,928
-8.6,8.00,904
-8.6,8.00,920
-8.6,8.00,912
-8.6,4.00,936
-8.2,8.00,920
-8.6,4.00,920
-8.6,8.00,912
-8.6,8.00,928
-8.4,8.00,912
-8.6,12.00,912
-8.6,8.00,920
-8.6,8.00,920
-8.6,8.00,904
-8.6,12.00,912
-8.4,8.00,912
-8.6,8.00,920
-8.4,4.00,912
-8.6,8.00,912
-8.6,4.00,920
-8.6,4.00,920
-8.6,8.00,912
-8.8,8.00,912
-8.6,8.00,912
-8.6,8.00,912
-8.6,8.00,920
-8.8,4.00,920
-8.6,4.00,920
-8.6,4.00,912
-8.4,8.00,920
-8.6,4.00,904
-8.6,8.00,920
-8.4,4.00,904
-8.6,8.00,920
-8.2,8.00,912
-8.6,4.00,920
-8.6,8.00,912
-8.6,4.00,920
-8.6,8.00,912
-8.6,8.00,928
-8.4,4.00,920
-8.4,8.00,936
-8.4,8.00,920
-8.4,12.00,912
-8.6,8.00,912
-8.6,8.00,920
-8.4,8.00,912
-8.4,4.00,920
-8.4,8.00,904
-8.6,4.00,912
-8.4,4.00,912
-8.6,8.00,920
-8.6,8.00,920
-8.4,8.00,928
-8.6,4.00,920
-8.4,12.00,904
-8.4,4.00,912
-8.6,4.00,912
-8.4,8.00,920
-8.6,0.00,912
-8.6,4.00,920
-8.6,8.00,912
-8.6,12.00,920
-8.6,4.00,912
-8.6,8.00,920
-8.6,8.00,912
-8.4,4.00,920
-8.6,8.00,912
-8.6,8.00,920
-8.4,4.00,912
-8.4,8.00,920
-8.6,8.00,904
-8.6,8.00,920
-8.4,8.00,920
-8.6,4.00,936
-8.4,12.00,912
-8.6,4.00,928
-8.2,8.00,912
-8.6,4.00,912
-8.4,8.00,912
-8.4,4.00,920
-8.6,4.00,912
-8.6,4.00,912
-8.6,8.00,920
-8.4,8.00,928
-8.4,12.00,920
-8.6,4.00,920
-8.8,8.00,912
-8.4,8.00,912
-8.8,4.00,928
-8.6,8.00,920
-8.4,12.00,912
-8.6,8.00,912
-8.6,12.00,920
-8.6,4.00,912
-8.6,8.00,920
-8.4,8.00,912
-8.6,8.00,920
-8.6,4.00,912
-8.6,4.00,928
-8.6,8.00,904
-8.6,8.00,928
-8.6,8.00,912
-8.6,12.00,920
-8.6,8.00,912
-8.6,8.00,928
-8.6,8.00,912
-8.4,8.00,920
-8.6,12.00,912
-8.6,12.00,912
-8.4,8.00,912
-8.4,12.00,920
-8.6,12.00,904
-8.6,4.00,920
-8.4,12.00,912
-8.6,4.00,904
-8.4,8.00,912
-8.6,8.00,912
-8.4,8.00,912
-8.6,8.00,920
-8.6,4.00,912
-8.6,8.00,912
-8.6,8.00,920
-8.8,8.00,912
-8.6,8.00,928
-8.6,4.00,920
-8.6,4.00,920
-8.6,8.00,912
-8.8,4.00,912
-8.6,0.00,912
-8.8,8.00,920
-8.4,8.00,912
-8.6,4.00,920
-8.4,8.00,912
-8.4,8.00,920
-8.6,8.00,912
-8.6,8.00,920
-8.6,8.00,912
-8.6,4.00,928
-8.4,8.00,912
-8.6,8.00,928
-8.6,4.00,912
-8.6,4.00,920
-8.4,4.00,912
-8.6,4.00,920
-8.4,12.00,912
-8.6,4.00,920
-8.6,4.00,912
-8.8,8.00,920
-8.6,8.00,912
-8.6,8.00,928
-8.4,12.00,920
-8.6,8.00,912
-8.4,4.00,912
-8.4,8.00,912
-8.8,8.00,920
-8.6,0.00,912
-8.6,4.00,920
-8.6,8.00,912
-8.6,8.00,912
-8.6,8.00,912
-8.6,8.00,928
-8.6,8.00,912
-8.8,8.00,928
-8.6,8.00,912
-8.6,8.00,920
-8.6,8.00,912
-8.6,4.00,920
-8.4,8.00,904
-8.6,8.00,928
-8.4,8.00,912
-8.6,8.00,920
-8.6,4.00,920
-8.6,8.00,928
-8.4,12.00,912
-8.6,8.00,920
-8.6,8.00,904
-8.4,8.00,920
-8.6,8.00,904
-8.6,4.00,912
-8.4,8.00,912
-8.6,8.00,920
-8.6,16.00,912
-8.8,8.00,928
-8.6,4.00,912
-8.4,8.00,912
-8.4,8.00,912
-8.6,8.00,920
-8.6,8.00,920
-8.6,12.00,920
-8.4,8.00,920
-8.8,4.00,920
-8.4,8.00,920
-8.6,8.00,912
-8.6,8.00,920
-8.6,8.00,912
-8.6,12.00,912
-8.6,8.00,920
-8.6,4.00,928
-8.4,8.00,912
-8.4,4.00,920
-8.6,4.00,912
-8.8,4.00,920
-8.4,4.00,912
-8.8,8.00,920
-8.6,4.00,920
-8.6,12.00,928
-8.6,12.00,912
-8.8,12.00,920
-8.6,12.00,920
-8.6,8.00,920
-8.6,8.00,912
-8.6,12.00,920
-8.4,8.00,912
-8.4,8.00,912
-8.6,8.00,912
-8.6,8.00,920
-8.6,8.00,912
-8.6,12.00,912
-8.6,4.00,928
-8.8,8.00,912
-8.6,8.00,912
-8.6,12.00,912
-8.6,4.00,920
-8.8,4.00,912
-8.6,4.00,920
-8.6,0.00,920
-8.8,8.00,920
-8.6,8.00,904
-8.8,8.00,920
-8.6,8.00,920
-8.6,8.00,920
-8.4,12.00,904
-8.6,4.00,920
-8.6,4.00,912
-8.6,8.00,928
-8.6,8.00,904
-8.6,8.00,920
-8.6,12.00,912
-8.4,8.00,912
-8.4,4.00,912
-8.6,4.00,912
-8.6,4.00,912
-8.6,4.00,912
-8.6,8.00,904
-8.6,8.00,928
-8.6,4.00,904
-8.6,4.00,920
-8.6,4.00,912
-8.8,4.00,928
-8.4,12.00,920
-8.6,8.00,920
-8.4,8.00,920
-8.6,8.00,912
-8.8,8.00,912
-8.4,4.00,920
-8.8,4.00,920
-8.6,8.00,920
-8.6,4.00,920
-8.6,4.00,920
-8.6,4.00,928
-8.4,4.00,920
-8.8,4.00,928
-8.8,8.00,912
-8.6,4.00,928
-8.6,4.00,904
-8.6,4.00,920
-8.6,4.00,912
-8.6,8.00,920
-8.4,8.00,904
-8.6,8.00,920
-8.6,12.00,912
-8.6,4.00,920
-8.4,4.00,912
-8.6,8.00,920
-8.6,4.00,912
-8.8,4.00,928
-8.4,4.00,920
-8.6,8.00,920
-8.4,8.00,912
-8.6,4.00,912
-8.6,12.00,912
-8.6,8.00,920
-8.6,4.00,912
-8.4,8.00,912
-8.6,8.00,920
-8.6,8.00,912
-8.6,8.00,928
-8.4,4.00,912
-8.8,8.00,928
-8.8,4.00,912
-8.6,4.00,912
-8.6,4.00,904
-8.8,8.00,928
-8.6,4.00,904
-8.8,8.00,928
-8.4,8.00,912
-8.4,8.00,928
-8.4,8.00,912
-8.6,8.00,920
-8.6,8.00,904
-8.8,8.00,920
-8.6,8.00,912
-8.6,8.00,920
-8.6,8.00,912
-8.6,4.00,928
-8.6,8.00,904
-8.6,8.00,920
-8.6,8.00,912
-8.6,8.00,912
-8.6,8.00,904
-8.6,8.00,920
-8.6,8.00,920
-8.4,8.00,920
-8.4,8.00,912
-8.6,4.00,912
-8.6,8.00,912
-8.4,8.00,928
-8.4,4.00,920
-8.6,12.00,920
-8.8,8.00,920
-8.6,8.00,920
-8.6,4.00,928
-8.6,0.00,920
-8.6,0.00,920
-8.6,4.00,904
-8.6,4.00,912
-8.4,0.00,904
-8.8,8.00,928
-8.6,4.00,912
-8.6,8.00,920
-8.4,8.00,912
-8.6,8.00,920
-8.6,12.00,904
-8.6,12.00,920
-8.6,4.00,920
-8.6,8.00,920
-8.6,8.00,912
-8.4,12.00,928
-8.6,8.00,912
-8.6,8.00,920
-8.6,12.00,912
-8.6,8.00,912
-8.6,4.00,912
-8.4,8.00,920
-8.6,12.00,912
-8.6,4.00,912
-8.6,8.00,912
-8.6,8.00,920
-8.6,8.00,920
-8.6,8.00,920
-8.8,8.00,912
-8.4,8.00,904
-8.6,12.00,920
-8.6,4.00,912
-8.6,4.00,920
-8.6,8.00,920
-8.4,8.00,920
-8.6,12.00,912
-8.4,8.00,928
-8.4,8.00,920
-8.6,4.00,928
-9.0,8.00,912
-8.6,4.00,920
-8.6,8.00,904
-8.6,4.00,920
-8.4,8.00,904
-8.8,4.00,928
-8.6,8.00,912
-8.6,4.00,928
-8.4,8.00,912
-8.6,8.00,928
-8.6,8.00,912
-8.4,8.00,920
-8.4,8.00,904
-8.6,8.00,912
-8.6,12.00,912
-8.6,4.00,920
-8.6,8.00,912
-8.8,8.00,912
-8.6,8.00,912
-8.8,8.00,912
-8.6,8.00,920
-8.4,12.00,920
-8.6,12.00,920
-8.6,8.00,920
-8.6,4.00,928
-8.4,8.00,912
-8.4,8.00,928
-8.8,8.00,912
-8.6,12.00,920
-8.6,8.00,920
-8.8,8.00,928
-8.6,4.00,912
-8.6,4.00,920
-8.6,8.00,912
-8.6,4.00,928
-8.6,8.00,904
-8.6,12.00,920
-8.6,4.00,912
-8.8,4.00,920
-8.4,8.00,912
-8.6,8.00,920
-8.6,8.00,912
-8.8,8.00,928
-8.4,8.00,912
-8.8,8.00,912
-8.6,12.00,912
-8.6,12.00,920
-8.6,8.00,904
-8.4,4.00,912
-8.6,4.00,912
-8.6,8.00,920
-8.6,8.00,904
-8.6,8.00,920
-8.8,8.00,912
-8.4,8.00,928
-8.6,4.00,920
-8.6,8.00,920
-8.4,8.00,920
-8.4,8.00,920
-8.4,8.00,928
-8.6,4.00,928
-8.6,8.00,912
-8.6,4.00,912
-8.4,8.00,912
-8.6,8.00,912
-8.6,8.00,928
-8.6,4.00,912
-8.6,4.00,920
-8.4,8.00,912
-8.8,8.00,920
-8.6,16.00,904
-8.6,12.00,928
-8.6,8.00,920
-8.8,8.00,920
-8.6,12.00,904
-8.4,8.00,920
-8.6,8.00,912
-8.6,8.00,912
-8.4,8.00,912
-8.6,8.00,912
-8.6,8.00,912
-8.6,4.00,928
-8.6,0.00,912
-8.6,4.00,912
-8.6,4.00,912
-8.4,8.00,912
-8.6,8.00,920
-8.6,12.00,928
-8.8,8.00,912
-8.6,8.00,912
-8.8,8.00,912
-8.6,4.00,912
-8.6,8.00,920
-8.6,8.00,920
-8.6,4.00,912
-8.6,4.00,912
-8.6,4.00,920
-8.6,8.00,904
-8.8,8.00,912
-8.6,8.00,912
-8.6,8.00,920
-8.6,4.00,904
-8.6,8.00,920
-8.6,8.00,912
-8.6,4.00,912
-8.6,8.00,912
-8.6,8.00,920
-8.4,4.00,912
-8.8,4.00,928
-8.2,8.00,912
-8.6,8.00,920
-8.6,8.00,912
-8.8,4.00,920
-8.6,4.00,904
-8.8,8.00,912
-8.8,8.00,912
-8.6,8.00,920
-8.6,8.00,920
-8.6,8.00,928
-8.6,8.00,904
-8.6,4.00,912
-8.4,4.00,912
-8.8,8.00,912
-8.8,8.00,920
-8.8,4.00,920
-8.4,8.00,920
-8.6,8.00,912
-8.6,8.00,920
-8.6,4.00,920
-8.6,8.00,928
-8.8,4.00,904
-8.6,8.00,920
-8.6,8.00,912
-8.6,4.00,928
-8.6,8.00,904
-8.8,12.00,928
-8.8,4.00,912
-8.6,4.00,920
-8.6,4.00,912
-8.6,8.00,920
-8.6,8.00,912
-8.6,8.00,920
-8.6,4.00,912
-8.6,4.00,912
-8.4,8.00,912
-8.6,4.00,912
-8.6,8.00,904
-8.6,8.00,920
-8.4,8.00,912
-8.6,8.00,912
-8.6,8.00,912
-8.4,4.00,912
-8.4,8.00,912
-8.6,8.00,928
-8.6,4.00,920
-8.6,8.00,920
-8.6,8.00,920
-8.6,12.00,912
-8.8,12.00,928
-8.6,8.00,920
-9.0,4.00,912
-8.6,0.00,904
-8.8,8.00,912
-8.4,4.00,904
-8.8,12.00,928
-8.8,4.00,920
-8.8,8.00,928
-8.6,8.00,912
-8.8,12.00,920
-8.6,8.00,904
-8.6,12.00,920
-8.6,4.00,904
-8.6,12.00,920
-8.6,8.00,912
-8.8,8.00,920
-8.8,8.00,912
-8.6,4.00,920
-8.4,4.00,904
-8.6,8.00,912
-8.4,12.00,912
-8.6,4.00,920
-8.6,8.00,912
-8.6,4.00,920
-8.6,0.00,904
-8.6,4.00,920
-8.6,12.00,920
-8.6,8.00,920
-8.6,8.00,912
-8.6,4.00,904
-8.8,12.00,912
-8.6,4.00,912
-8.6,4.00,912
-8.6,4.00,920
-8.8,8.00,920
-8.2,8.00,912
-8.6,8.00,928
-8.6,8.00,912
-8.6,8.00,920
-8.6,12.00,912
-8.8,4.00,912
-8.6,8.00,904
-8.6,4.00,920
-8.6,8.00,912
-8.6,8.00,912
-8.4,4.00,904
-8.6,12.00,920
-8.4,8.00,912
-8.8,4.00,920
-8.6,4.00,912
-8.6,12.00,928
-8.6,8.00,904
-8.6,0.00,912
-8.4,8.00,904
-8.6,8.00,912
-8.6,8.00,912
-8.8,8.00,920
-8.6,8.00,920
-8.6,8.00,920
-8.6,8.00,912
-8.4,8.00,912
-8.6,8.00,912
-8.6,8.00,912
-8.6,4.00,920
-8.6,4.00,920
-8.6,8.00,920
-8.8,4.00,912
-8.6,8.00,920
-8.6,8.00,904
-8.8,4.00,928
-8.6,8.00,912
-8.6,12.00,928
-8.6,8.00,912
-8.6,8.00,920
-8.4,12.00,904
-8.6,4.00,920
-8.8,4.00,912
-8.6,12.00,920
-8.6,8.00,912
-8.6,8.00,920
-8.8,8.00,904
-8.6,8.00,920
-8.6,8.00,904
-8.6,8.00,912
-8.6,8.00,912
-8.6,8.00,920
-8.6,8.00,912
-8.6,4.00,912
-8.6,8.00,912
-8.4,4.00,912
-8.4,4.00,912
-8.6,4.00,912
-8.6,8.00,920
-8.6,8.00,920
-8.6,8.00,928
-8.8,8.00,912
-8.6,4.00,920
-8.6,8.00,920
-8.4,8.00,920
-8.8,0.00,920
-8.6,4.00,912
-8.8,8.00,912
-8.6,4.00,912
-8.6,0.00,904
-9.0,8.00,920
-8.6,8.00,912
-8.8,8.00,920
-8.6,4.00,904
-8.6,8.00,920
-8.4,8.00,904
-8.6,8.00,928
-8.6,4.00,904
-8.8,8.00,928
-8.4,8.00,912
-8.6,8.00,928
-8.6,8.00,912
-8.6,8.00,912
-8.6,4.00,912
-8.8,4.00,920
-8.6,8.00,912
-8.6,4.00,912
-8.6,8.00,912
-8.8,4.00,920
-8.6,4.00,912
-8.8,8.00,920
-8.6,12.00,928
-8.6,8.00,920
-8.6,4.00,928
-8.8,8.00,920
-8.6,12.00,912
-8.6,4.00,912
-8.8,8.00,912
-8.6,4.00,920
-8.6,8.00,912
-8.6,8.00,912
-8.6,4.00,920
-8.6,4.00,920
-8.8,8.00,928
-8.4,4.00,912
-8.8,4.00,928
-8.6,4.00,912
-8.6,4.00,920
-8.8,8.00,904
-8.6,4.00,920
-8.6,4.00,904
-8.6,8.00,912
-8.4,8.00,912
-8.6,4.00,920
-8.6,4.00,912
-8.8,8.00,920
-8.6,12.00,912
-8.6,8.00,920
-8.6,4.00,912
-8.8,4.00,912
-8.6,8.00,912
-8.6,0.00,912
-8.4,8.00,912
-8.6,8.00,912
-8.6,8.00,920
-8.4,12.00,912
-8.6,8.00,912
-8.6,8.00,920
-8.8,4.00,928
-8.6,4.00,920
-8.6,8.00,920
-8.6,4.00,920
-8.6,8.00,920
-8.6,8.00,912
-8.8,8.00,920
-8.6,12.00,912
-8.8,12.00,920
-8.8,12.00,912
-8.6,8.00,920
-8.6,8.00,904
-8.6,4.00,920
-8.6,8.00,904
-8.6,8.00,920
-8.6,8.00,904
-8.6,12.00,920
-8.6,8.00,920
-8.6,4.00,928
-8.4,4.00,912
-8.8,12.00,912
-8.6,8.00,912
-8.8,8.00,920
-8.6,8.00,912
-8.8,8.00,912
-8.4,8.00,912
-8.4,12.00,920
-8.4,8.00,912
-8.6,12.00,920
-8.6,12.00,912
-8.6,12.00,920
-8.6,8.00,920
-8.6,12.00,920
-8.6,8.00,920
-8.8,4.00,912
-8.6,4.00,920
-8.8,4.00,912
-8.8,4.00,912
-8.8,4.00,912
-8.6,4.00,912
-8.6,0.00,904
-8.8,4.00,920
-8.6,4.00,912
-8.6,8.00,920
-8.4,8.00,912
-8.6,12.00,920
-8.6,8.00,912
-8.6,12.00,920
-8.6,8.00,912
-8.6,12.00,920
-8.4,12.00,912
-8.6,8.00,920
-8.6,8.00,912
-8.6,4.00,912
-8.6,8.00,912
-8.8,8.00,920
-8.4,4.00,912
-8.6,8.00,920
-8.4,8.00,920
-8.6,4.00,920
-8.6,4.00,912
-8.6,4.00,920
-8.6,8.00,920
-8.6,8.00,920
-8.6,4.00,912
-8.4,8.00,912
-8.8,4.00,920
-8.6,4.00,912
-8.8,8.00,920
-8.4,4.00,920
-8.8,0.00,920
-8.6,8.00,904
-8.6,8.00,920
-8.8,4.00,912
-8.8,0.00,920
-8.8,4.00,904
-8.8,0.00,912
-8.6,8.00,912
-8.6,12.00,920
-8.6,0.00,912
-8.8,4.00,920
-8.8,4.00,912
-8.6,4.00,928
-8.6,8.00,904
-8.8,8.00,928
-8.6,8.00,920
-8.6,8.00,920
-8.6,12.00,912
-8.8,8.00,920
-8.4,12.00,912
-8.8,4.00,912
-8.6,8.00,912
-8.8,8.00,920
-8.8,4.00,912
-8.4,4.00,920
-8.6,8.00,920
-8.6,12.00,920
-8.8,8.00,912
-8.8,4.00,920
-8.8,8.00,920
-8.8,8.00,920
-8.4,12.00,920
-8.6,4.00,912
-8.6,12.00,920
-8.6,8.00,920
-8.8,8.00,928
-8.8,4.00,912
-8.6,4.00,920
-8.6,8.00,912
-8.6,4.00,928
-8.6,4.00,912
-8.6,8.00,920
-8.6,8.00,920
-8.8,8.00,928
-8.4,12.00,912
-8.6,4.00,920
-8.8,8.00,912
-8.8,8.00,920
-8.8,4.00,912
-8.6,12.00,920
-8.6,8.00,912
-8.6,8.00,920
-8.8,8.00,904
-8.6,8.00,912
-8.8,8.00,904
-8.8,8.00,920
-8.6,4.00,920
-8.6,4.00,912
-8.8,8.00,912
-8.6,12.00,920
-8.8,4.00,920
-8.8,8.00,920
-8.6,8.00,920
-8.4,12.00,912
-8.6,8.00,912
-8.8,8.00,920
-8.6,4.00,920
-8.8,4.00,912
-8.6,0.00,912
-8.6,4.00,904
-8.6,4.00,920
-8.6,4.00,912
-8.8,4.00,920
-8.6,4.00,904
-8.8,0.00,920
-8.6,12.00,912
-8.6,8.00,928
-8.8,8.00,912
-8.6,8.00,928
-8.6,8.00,920
-8.6,12.00,920
-8.6,8.00,904
-8.8,8.00,920
-8.6,12.00,912
-8.6,8.00,920
-8.4,12.00,912
-8.6,8.00,920
-8.8,8.00,920
-8.8,8.00,920
-8.6,8.00,920
-8.6,12.00,928
-8.6,12.00,928
-8.6,12.00,912
-8.8,4.00,912
-8.4,8.00,912
-8.6,8.00,912
-8.6,4.00,912
-8.6,4.00,920
-8.6,4.00,920
-8.8,8.00,920
-8.6,4.00,912
-8.6,8.00,920
-8.8,8.00,912
-8.8,4.00,920
-8.8,4.00,912
-8.6,8.00,928
-8.6,8.00,912
-8.6,12.00,920
-8.6,8.00,912
-8.6,4.00,920
-8.4,8.00,904
-8.8,8.00,920
-8.6,8.00,920
-8.8,4.00,920
-8.6,8.00,912
-8.6,8.00,920
-8.6,8.00,904
-8.6,4.00,912
-8.6,12.00,912
-8.6,4.00,920
-8.6,8.00,912
-8.6,8.00,912
-8.6,8.00,920
-8.6,12.00,920
-8.8,4.00,920
-8.6,8.00,912
-8.6,8.00,912
-8.6,12.00,920
-8.6,8.00,920
-8.6,8.00,912
-8.8,8.00,920
-8.8,4.00,912
-8.8,8.00,920
-8.6,4.00,912
-8.8,8.00,920
-8.6,8.00,912
-8.6,4.00,912
-8.8,8.00,904
-8.8,8.00,928
-8.8,8.00,912
-8.6,8.00,920
-8.8,4.00,912
-8.6,8.00,928
-8.6,12.00,912
-8.6,12.00,920
-8.8,8.00,904
-8.6,8.00,912
-8.6,8.00,912
-8.8,8.00,912
-8.4,8.00,920
-8.6,4.00,920
-8.6,8.00,904
-8.6,4.00,920
-8.6,8.00,912
-8.4,4.00,920
-8.6,8.00,920
-8.6,4.00,912
-8.8,4.00,912
-8.6,12.00,912
-8.6,8.00,920
-8.4,8.00,920
-8.6,4.00,920
-8.6,4.00,912
-8.6,8.00,912
-8.6,8.00,920
-8.6,4.00,920
-8.6,4.00,912
-8.6,8.00,920
-8.8,4.00,912
-8.6,4.00,920
-8.8,4.00,920
-8.8,8.00,920
-8.6,4.00,912
-8.6,4.00,928
-8.6,4.00,912
-8.6,4.00,920
-8.4,4.00,904
-8.6,4.00,928
-8.4,4.00,912
-8.6,4.00,920
-8.8,8.00,920
-8.6,8.00,920
-8.6,8.00,912
-8.6,8.00,920
-8.4,12.00,912
-8.6,4.00,920
-8.8,8.00,920
-8.6,0.00,920
-8.6,8.00,920
-8.8,8.00,920
-8.6,8.00,920
-8.6,8.00,912
-8.4,0.00,920
-8.6,8.00,912
-8.8,4.00,912
-8.8,4.00,912
-8.6,0.00,920
-8.4,0.00,920
-8.6,8.00,920
-8.8,8.00,912
-8.6,8.00,928
-8.8,8.00,912
-8.6,4.00,920
-8.6,4.00,912
-8.8,8.00,928
-8.6,12.00,912
-8.8,8.00,920
-8.6,8.00,912
-8.4,8.00,920
-8.6,4.00,904
-8.8,8.00,920
-8.4,4.00,920
-8.6,8.00,920
-8.6,8.00,912
-8.6,8.00,920
-8.4,8.00,904
-8.6,4.00,912
-8.6,8.00,904
-8.6,4.00,912
-8.6,8.00,912
-8.6,8.00,920
-8.6,4.00,912
-8.6,8.00,920
-8.6,8.00,912
-8.6,4.00,912
-8.6,8.00,928
-8.8,4.00,912
-8.6,8.00,920
-8.6,8.00,920
-8.6,8.00,928
-8.6,4.00,920
-8.6,4.00,920
-8.8,8.00,912
-8.8,8.00,920
-8.6,4.00,912
-8.6,8.00,920
-8.6,8.00,912
-8.6,8.00,920
-8.6,8.00,904
-8.6,12.00,928
-8.8,8.00,904
-8.8,8.00,912
-8.8,8.00,912
-8.8,8.00,928
-8.6,4.00,920
-8.8,8.00,920
-8.6,8.00,912
-8.8,4.00,912
-8.6,8.00,912
-8.4,8.00,920
-8.6,12.00,912
-8.6,12.00,920
-8.6,12.00,912
-8.8,4.00,928
-8.6,0.00,912
-8.8,4.00,920
-8.8,8.00,920
-8.6,12.00,920
-8.6,4.00,912
-8.6,8.00,912
-8.6,8.00,920
-8.6,8.00,920
-8.4,8.00,920
-8.6,8.00,920
-8.6,8.00,920
-8.8,8.00,912
-8.6,4.00,912
-8.8,12.00,912
-8.8,8.00,928
-8.8,8.00,912
-9.0,8.00,920
-8.6,4.00,912
-8.6,8.00,920
-8.6,12.00,904
-8.8,12.00,920
-8.6,8.00,912
-8.8,4.00,928
-8.4,4.00,904
-8.6,4.00,928
-8.6,4.00,904
-8.6,8.00,912
-8.6,8.00,912
-8.6,8.00,920
-8.6,8.00,904
-8.6,4.00,920
-8.8,4.00,912
-8.8,8.00,912
-8.6,4.00,912
-8.6,8.00,920
-8.6,8.00,920
-8.6,4.00,920
-8.6,8.00,920
-8.6,4.00,920
-8.8,8.00,912
-8.8,4.00,912
-8.6,4.00,920
-8.8,8.00,920
-8.8,12.00,912
-8.6,8.00,912
-8.6,8.00,920
-8.6,8.00,912
-8.8,8.00,920
-8.6,4.00,920
-8.6,4.00,920
-8.6,4.00,912
-8.8,4.00,920
-8.6,8.00,904
-8.6,8.00,920
-8.6,12.00,912
-8.8,8.00,920
-8.4,8.00,912
-8.8,8.00,920
-8.6,4.00,904
-8.8,4.00,920
-8.6,8.00,912
-8.8,8.00,912
-8.6,8.00,912
-8.6,4.00,912
-8.6,12.00,912
-8.8,4.00,912
-8.6,8.00,912
-8.6,4.00,920
-8.8,12.00,920
-8.6,4.00,904
-8.6,8.00,912
-8.6,8.00,920
-8.8,12.00,920
-8.8,8.00,920
-8.6,4.00,920
-8.6,8.00,920
-8.6,4.00,920
-8.8,8.00,912
-9.0,8.00,920
-8.6,8.00,912
-8.6,12.00,920
-8.6,8.00,912
-8.6,4.00,928
-8.6,8.00,912
-8.6,8.00,920
-8.6,4.00,912
-8.8,8.00,928
-8.8,4.00,912
-8.8,4.00,912
-8.8,4.00,912
-8.8,8.00,912
-8.6,4.00,920
-8.8,12.00,912
-8.6,8.00,912
-8.6,8.00,920
-8.8,8.00,912
-8.8,8.00,920
-8.6,8.00,912
-8.6,4.00,920
-8.6,4.00,912
-8.8,8.00,912
-8.8,4.00,912
-8.6,8.00,912
-8.8,8.00,920
-8.8,4.00,912
-8.6,12.00,920
-8.8,8.00,912
-8.6,8.00,912
-8.8,8.00,912
-8.6,12.00,912
-8.8,8.00,920
-8.8,8.00,912
-8.6,4.00,912
-8.6,8.00,920
-8.6,4.00,912
-8.6,4.00,920
-8.6,12.00,904
-8.8,8.00,920
-8.6,8.00,912
-8.8,8.00,912
-8.6,4.00,912
-8.6,8.00,920
-8.6,8.00,912
-8.6,4.00,920
-8.6,8.00,904
-8.8,8.00,904
-8.6,4.00,912
-8.6,4.00,920
-8.6,4.00,912
-8.6,8.00,920
-8.8,4.00,912
-8.8,4.00,920
-8.6,8.00,920
-8.6,8.00,920
-8.4,8.00,920
-8.6,8.00,920
-8.8,4.00,912
-8.8,8.00,912
-8.6,8.00,912
-8.6,8.00,912
-8.6,8.00,928
-8.6,4.00,920
-8.6,4.00,912
-8.6,4.00,912
-8.6,4.00,920
-8.8,4.00,912
-8.6,8.00,928
-8.8,8.00,912
-8.6,8.00,920
-8.6,12.00,912
-8.8,4.00,928
-8.4,12.00,912
-8.6,4.00,920
-8.6,8.00,904
-8.6,8.00,920
-8.6,4.00,904
-8.8,8.00,928
-8.6,4.00,912
-8.6,4.00,920
-8.6,12.00,904
-8.6,4.00,912
-8.8,8.00,920
-8.8,8.00,912
-8.8,12.00,912
-8.6,8.00,912
-8.6,8.00,912
-8.6,8.00,928
-8.8,12.00,912
-8.6,8.00,920
-8.6,12.00,912
-8.6,12.00,920
-8.6,4.00,928
-8.8,8.00,912
-8.6,8.00,928
-8.8,4.00,920
-8.6,4.00,920
-8.8,4.00,912
-8.6,12.00,920
-8.6,8.00,912
-8.8,8.00,920
-8.8,8.00,920
-8.8,8.00,928
-8.6,8.00,904
-8.6,8.00,912
-8.6,8.00,904
-8.8,12.00,920
-8.8,0.00,904
-8.8,4.00,936
-8.8,4.00,912
-8.6,8.00,920
-8.4,0.00,912
-8.6,8.00,920
-8.6,4.00,912
-8.8,8.00,920
-8.8,8.00,904
-8.8,8.00,920
-8.8,4.00,912
-8.6,8.00,912
-8.6,4.00,920
-8.8,4.00,912
-8.8,8.00,920
-8.6,8.00,920
-8.8,4.00,920
-8.6,4.00,920
-8.8,8.00,920
-8.8,8.00,912
-8.8,8.00,920
-8.8,4.00,920
-8.8,8.00,912
-8.8,8.00,920
-8.6,4.00,920
-8.6,8.00,912
-8.8,8.00,928
-8.6,4.00,912
-8.6,8.00,920
-8.6,4.00,904
-8.8,8.00,920
-8.6,12.00,912
-8.8,8.00,928
-8.6,4.00,912
-8.8,8.00,920
-8.6,8.00,920
-8.4,4.00,920
-8.6,4.00,920
-8.8,8.00,912
-8.6,4.00,912
-8.6,8.00,928
-8.6,8.00,912
-8.4,4.00,928
-8.8,4.00,920
-8.6,4.00,928
-8.6,8.00,920
-8.6,8.00,920
-8.6,8.00,920
-8.6,4.00,920
-8.8,8.00,920
-8.8,8.00,912
-8.8,8.00,920
-8.8,0.00,912
-8.6,8.00,920
-8.6,0.00,920
-8.8,16.00,928
-8.8,16.00,928
-8.6,0.00,928
-8.4,16.00,920
-8.8,16.00,920
-8.6,16.00,912
-8.8,8.00,928
-8.6,0.00,920
-8.6,8.00,920
-8.6,24.00,928
-8.6,8.00,920
-8.8,8.00,928
-8.8,16.00,920
-9.0,0.00,928
-8.8,8.00,912
-8.8,16.00,928
-8.6,16.00,912
-8.8,8.00,920
-8.6,8.00,912
-8.6,16.00,928
-8.6,8.00,928
-8.6,8.00,928
-8.8,8.00,912
-8.8,0.00,928
-8.8,8.00,920
-8.8,16.00,920
-8.4,8.00,912
-8.6,8.00,920
-8.8,0.00,920
-8.6,8.00,920
-8.6,8.00,920
-8.6,8.00,920
-8.4,16.00,920
-8.6,8.00,920
-8.6,8.00,920
-8.8,16.00,928
-8.6,8.00,920
-8.6,8.00,920
-8.8,16.00,928
-8.6,16.00,920
-8.6,8.00,928
-8.8,8.00,912
-8.6,16.00,920
-8.8,16.00,912
-8.6,0.00,920
-8.8,8.00,912
-8.8,8.00,920
-8.8,0.00,920
-8.6,0.00,928
-8.8,8.00,920
-8.8,8.00,920
-8.8,8.00,912
-8.8,0.00,928
-8.8,0.00,920
-8.8,8.00,928
-8.8,0.00,920
-8.4,8.00,920
-8.8,8.00,912
-8.6,16.00,920
-8.6,8.00,920
-8.8,8.00,928
-8.6,8.00,912
-8.6,8.00,920
-8.6,0.00,912
-8.8,8.00,920
-8.6,8.00,920
-8.8,8.00,928
-8.6,8.00,928
-8.6,8.00,928
-8.6,16.00,920
-8.6,8.00,920
-8.8,8.00,928
-8.8,8.00,920
-8.8,8.00,912
-8.8,0.00,912
-8.8,8.00,920
-8.6,8.00,920
-8.8,0.00,920
-8.8,8.00,912
-8.8,16.00,928
-8.8,8.00,920
-8.8,8.00,936
-8.6,16.00,912
-8.6,8.00,928
-8.6,16.00,920
-8.6,0.00,936
-8.8,8.00,920
-8.8,8.00,936
-8.8,0.00,912
-8.8,8.00,936
-8.6,8.00,920
-8.8,8.00,920
-8.8,8.00,920
-8.8,8.00,920
-8.6,0.00,920
-8.6,8.00,928
-8.8,0.00,912
-8.8,8.00,928
-8.8,8.00,920
-8.8,8.00,936
-8.8,8.00,928
-8.6,8.00,928
-8.6,8.00,920
-8.6,8.00,928
-8.8,8.00,920
-8.8,0.00,920
-8.6,0.00,920
-8.8,0.00,920
-8.8,8.00,928
-8.8,16.00,920
-8.6,8.00,928
-8.6,8.00,920
-8.8,0.00,928
-8.6,16.00,920
-8.8,8.00,928
-8.8,16.00,920
-8.4,16.00,920
-8.8,8.00,912
-8.8,8.00,920
-8.8,8.00,912
-8.8,0.00,928
-8.8,0.00,928
-8.6,8.00,928
-8.8,8.00,920
-8.8,8.00,920
-8.8,8.00,912
-8.6,0.00,920
-8.6,16.00,920
-8.6,8.00,928
-8.6,0.00,920
-8.8,8.00,920
-8.6,16.00,920
-8.6,16.00,928
-8.6,8.00,920
-8.6,8.00,928
-8.8,0.00,920
-8.6,16.00,920
-8.6,0.00,920
-8.8,8.00,928
-8.6,8.00,928
-8.8,8.00,920
-8.8,8.00,928
-8.8,8.00,920
-8.8,0.00,928
-8.6,8.00,912
-8.8,0.00,936
-8.6,16.00,912
-8.6,0.00,928
-8.8,8.00,912
-8.8,0.00,928
-8.8,8.00,912
-8.8,0.00,928
-8.8,8.00,920
-8.6,8.00,936
-8.6,0.00,912
-8.8,8.00,920
-8.8,0.00,912
-8.6,8.00,928
-8.6,0.00,920
-8.6,8.00,920
-8.8,8.00,920
-8.8,8.00,920
-8.6,8.00,920
-8.8,8.00,920
-8.6,0.00,920
-8.6,8.00,928
-8.8,8.00,928
-8.6,0.00,928
-8.8,8.00,920
-8.8,0.00,928
-8.8,8.00,928
-8.8,8.00,920
-8.6,0.00,920
-8.8,0.00,928
-8.8,8.00,920
-8.8,8.00,928
-8.8,0.00,920
-8.6,16.00,912
-8.6,8.00,928
-8.8,8.00,920
-8.6,8.00,928
-8.6,8.00,912
-8.6,8.00,928
-8.8,8.00,920
-8.8,0.00,928
-8.6,16.00,912
-8.6,8.00,928
-8.6,0.00,920
-8.6,8.00,928
-8.4,8.00,912
-8.8,16.00,920
-8.6,8.00,920
-8.6,8.00,920
-8.6,8.00,920
-8.6,0.00,920
-8.6,0.00,920
-8.6,8.00,928
-8.6,8.00,912
-8.8,16.00,928
-8.8,16.00,920
-8.8,8.00,928
-8.6,8.00,920
-8.8,16.00,920
-8.8,8.00,920
-8.6,8.00,920
-8.8,8.00,920
-8.6,8.00,920
-8.6,16.00,928
-8.6,16.00,920
-8.8,8.00,928
-8.8,8.00,920
-8.8,8.00,928
-8.6,0.00,920
-8.6,16.00,928
-9.0,8.00,912
-8.8,0.00,928
-8.8,8.00,912
-8.8,8.00,920
-8.8,0.00,920
-8.6,0.00,928
-8.8,16.00,904
-8.6,0.00,920
-8.8,8.00,920
-8.6,8.00,928
-8.6,16.00,912
-8.4,8.00,928
-8.8,8.00,920
-8.8,16.00,920
-8.6,8.00,912
-8.8,16.00,920
-8.6,8.00,912
-8.8,8.00,920
-8.6,0.00,920
-8.8,16.00,928
-8.6,0.00,920
-8.8,8.00,928
-8.8,8.00,920
-9.0,8.00,920
-8.8,8.00,928
-9.0,8.00,920
-8.8,8.00,920
-9.2,16.00,920
-9.0,0.00,936
-9.2,8.00,920
-9.0,8.00,920
-9.0,8.00,920
-8.8,0.00,928
-9.0,8.00,912
-9.0,8.00,928
-8.8,8.00,920
-7.2,0.00,936
-3.6,0.00,920
2.8,0.00,936
8.8,8.00,912
10.2,0.00,920
9.6,16.00,920
9.2,16.00,928
10.0,0.00,920
11.8,8.00,936
13.2,16.00,920
13.6,8.00,920
12.0,8.00,920
10.2,8.00,928
8.6,8.00,920
8.6,8.00,920
9.2,16.00,912
9.8,8.00,920
9.2,8.00,920
8.0,16.00,928
7.2,8.00,928
6.8,0.00,920
7.6,8.00,928
8.6,0.00,928
8.8,8.00,912
8.6,8.00,928
8.0,8.00,928
7.6,0.00,912
7.8,8.00,928
8.4,8.00,912
9.4,0.00,928
9.2,8.00,912
8.8,16.00,928
8.4,8.00,920
8.2,16.00,928
8.4,8.00,920
8.8,8.00,928
9.2,8.00,928
9.4,8.00,928
8.8,0.00,912
8.4,16.00,920
8.8,16.00,920
9.0,16.00,920
9.0,8.00,920
9.2,8.00,920
9.0,0.00,920
9.0,8.00,920
8.8,8.00,912
9.0,16.00,936
9.0,16.00,928
9.4,8.00,928
9.2,8.00,920
9.2,16.00,928
9.0,8.00,920
9.2,8.00,920
9.4,-8.00,920
9.4,0.00,920
9.4,16.00,928
9.6,8.00,912
9.2,8.00,928
9.4,0.00,928
9.2,8.00,928
9.4,8.00,920
9.2,16.00,928
9.6,8.00,912
9.4,8.00,928
9.4,0.00,912
9.6,8.00,928
9.4,8.00,912
9.4,8.00,928
9.6,8.00,912
9.6,16.00,928
9.6,16.00,920
9.6,8.00,928
9.6,8.00,912
9.8,8.00,912
9.6,0.00,912
9.6,8.00,928
9.6,0.00,920
9.6,8.00,928
9.6,0.00,912
9.8,16.00,928
9.8,8.00,928
9.8,0.00,928
10.0,8.00,920
10.0,0.00,912
10.0,8.00,928
10.2,8.00,928
10.0,16.00,928
10.0,8.00,928
10.2,0.00,920
10.0,8.00,920
10.0,8.00,928
10.2,8.00,920
10.0,16.00,920
10.2,8.00,920
10.2,8.00,928
10.2,8.00,920
10.2,16.00,920
10.4,8.00,920
10.2,16.00,936
10.4,8.00,920
10.4,16.00,920
10.6,8.00,920
10.8,8.00,920
10.8,16.00,912
10.6,16.00,928
10.8,8.00,920
11.0,16.00,920
11.0,8.00,912
11.0,8.00,920
11.2,8.00,920
11.2,8.00,920
11.4,8.00,920
11.2,8.00,920
11.4,16.00,920
11.8,16.00,920
11.8,16.00,928
11.8,16.00,920
12.0,8.00,936
12.2,24.00,920
12.4,16.00,928
12.2,8.00,920
12.2,16.00,920
12.4,16.00,928
12.4,8.00,920
12.4,16.00,912
12.4,16.00,920
13.0,16.00,904
13.0,24.00,920
12.8,16.00,904
12.8,24.00,912
13.0,24.00,896
13.2,32.00,904
13.2,24.00,896
13.4,40.00,888
13.8,40.00,896
13.8,40.00,880
13.6,48.00,872
13.6,56.00,856
13.6,72.00,856
14.2,88.00,840
14.0,88.00,840
14.2,96.00,816
14.4,112.00,824
14.6,120.00,800
14.6,144.00,800
14.8,168.00,792
14.8,176.00,792
15.4,200.00,752
15.4,216.00,768
15.4,232.00,736
15.4,248.00,744
15.8,272.00,720
15.8,296.00,712
15.8,312.00,704
15.8,336.00,704
16.0,352.00,688
16.2,384.00,688
16.4,416.00,688
16.4,440.00,680
16.6,480.00,664
16.6,512.00,664
16.6,536.00,656
16.4,568.00,648
16.8,584.00,648
16.6,616.00,656
16.8,640.00,648
16.8,672.00,656
17.0,680.00,656
17.0,728.00,672
16.8,736.00,664
16.6,776.00,672
16.8,784.00,672
16.8,808.00,680
16.8,816.00,672
16.6,848.00,680
16.6,848.00,672
16.4,880.00,688
16.6,880.00,680
16.0,904.00,680
16.2,904.00,680
15.8,928.00,688
15.6,920.00,680
15.4,928.00,688
15.4,928.00,680
15.0,936.00,680
15.2,920.00,664
14.4,920.00,680
14.2,912.00,656
13.8,904.00,656
13.8,888.00,640
13.6,872.00,640
13.2,864.00,632
13.0,848.00,624
13.2,832.00,616
12.8,816.00,608
12.6,808.00,608
12.8,800.00,592
12.6,776.00,592
12.6,776.00,584
12.6,760.00,584
12.6,744.00,576
12.6,728.00,560
12.6,728.00,552
12.6,704.00,568
12.8,712.00,552
13.0,696.00,552
13.0,696.00,528
12.8,688.00,552
13.2,688.00,496
13.4,680.00,528
13.4,672.00,472
13.4,672.00,512
13.6,664.00,456
13.8,664.00,488
13.8,664.00,456
13.8,664.00,456
13.8,648.00,440
13.8,656.00,432
14.0,648.00,416
14.2,648.00,400
14.0,632.00,408
14.2,632.00,392
14.2,632.00,400
13.8,624.00,376
13.8,616.00,392
14.0,616.00,368
14.0,608.00,368
14.0,616.00,360
13.8,608.00,360
14.0,600.00,352
13.6,592.00,352
13.8,600.00,352
14.0,600.00,336
13.8,592.00,336
14.0,584.00,320
13.8,584.00,328
13.8,584.00,320
14.0,584.00,312
13.8,576.00,312
13.8,576.00,304
13.4,568.00,304
13.8,576.00,296
14.0,560.00,296
13.8,568.00,288
13.8,560.00,288
13.8,560.00,296
14.0,552.00,264
13.8,544.00,280
13.8,544.00,256
13.8,536.00,280
14.0,536.00,240
14.0,528.00,264
14.0,528.00,248
13.8,528.00,264
14.0,528.00,248
13.6,520.00,256
14.0,520.00,240
13.6,528.00,240
13.8,520.00,232
13.8,520.00,232
14.0,528.00,232
13.8,520.00,232
13.8,520.00,232
14.0,528.00,224
13.8,520.00,224
13.8,520.00,224
14.0,520.00,224
14.0,520.00,216
14.0,520.00,216
13.8,520.00,216
13.8,512.00,208
14.0,528.00,200
14.0,512.00,192
14.0,520.00,192
14.0,512.00,192
13.8,520.00,184
13.8,512.00,176
14.2,528.00,184
14.0,520.00,184
13.8,512.00,168
13.8,520.00,176
14.2,520.00,168
13.8,512.00,168
14.2,528.00,160
13.8,520.00,152
14.0,512.00,152
14.0,520.00,152
14.0,520.00,152
14.2,512.00,144
14.2,520.00,136
14.0,512.00,136
14.2,512.00,136
14.2,512.00,136
14.2,512.00,128
14.0,512.00,128
14.0,512.00,128
13.8,504.00,112
14.2,512.00,120
14.0,512.00,112
14.2,512.00,112
13.8,512.00,104
13.8,504.00,104
13.8,512.00,112
13.8,512.00,112
14.0,520.00,104
13.8,512.00,112
14.0,512.00,96
13.8,504.00,104
14.0,504.00,104
14.0,504.00,96
14.0,496.00,96
14.0,504.00,88
14.2,504.00,104
13.8,512.00,88
14.2,504.00,88
14.2,504.00,80
13.8,504.00,88
14.0,496.00,72
14.4,504.00,88
14.2,504.00,72
14.0,496.00,80
14.0,504.00,80
14.0,496.00,80
14.2,496.00,72
14.0,504.00,72
13.8,504.00,64
14.2,496.00,80
14.2,504.00,72
14.0,504.00,80
13.8,504.00,72
14.0,496.00,80
14.0,496.00,64
14.0,496.00,72
14.0,496.00,72
14.2,496.00,64
14.0,496.00,64
13.8,496.00,72
13.8,488.00,72
14.0,496.00,72
14.0,496.00,64
14.0,496.00,56
14.0,488.00,64
14.0,504.00,64
14.2,488.00,72
14.0,496.00,64
14.2,496.00,64
14.2,488.00,56
14.0,504.00,64
14.0,488.00,56
14.0,488.00,56
14.2,488.00,40
14.0,488.00,56
13.8,488.00,48
14.2,488.00,48
14.0,488.00,56
14.0,488.00,56
14.0,488.00,40
14.0,496.00,56
14.2,488.00,56
14.2,480.00,48
13.8,488.00,48
14.0,488.00,56
14.0,496.00,48
14.0,488.00,56
13.8,480.00,40
14.0,488.00,56
14.0,488.00,48
14.0,488.00,64
13.8,488.00,48
13.8,488.00,56
14.0,480.00,32
14.0,480.00,48
14.0,480.00,40
13.8,488.00,40
13.8,472.00,40
13.8,488.00,40
14.0,480.00,56
14.0,488.00,48
14.2,488.00,40
14.0,480.00,48
14.2,488.00,48
14.0,488.00,48
14.2,480.00,48
14.2,480.00,48
14.0,472.00,48
14.0,472.00,48
14.0,480.00,48
14.2,488.00,56
14.2,488.00,56
14.0,480.00,40
14.2,472.00,40
14.0,480.00,40
14.0,472.00,40
13.8,480.00,40
14.0,488.00,48
14.0,480.00,32
13.8,480.00,40
14.0,480.00,40
14.0,480.00,40
14.0,480.00,32
14.0,480.00,40
14.0,480.00,32
13.8,480.00,48
14.0,480.00,32
13.8,480.00,40
13.8,480.00,40
13.8,472.00,40
14.0,480.00,32
14.0,480.00,40
14.0,480.00,40
13.8,480.00,32
14.2,480.00,40
14.0,472.00,40
14.2,480.00,40
14.0,480.00,40
14.0,472.00,32
14.0,480.00,40
14.2,472.00,40
14.0,480.00,32
14.0,480.00,40
14.2,472.00,32
14.2,488.00,32
13.8,472.00,32
14.2,472.00,32
14.0,480.00,32
14.2,480.00,40
13.8,480.00,40
14.0,480.00,40
14.0,472.00,32
14.0,480.00,40
14.0,480.00,24
14.0,472.00,40
14.0,472.00,32
13.8,472.00,40
13.8,480.00,40
14.0,472.00,48
14.0,472.00,32
14.0,480.00,32
14.0,472.00,40
13.8,472.00,40
14.0,472.00,40
14.0,480.00,40
13.8,472.00,48
14.0,472.00,48
14.0,472.00,40
13.8,472.00,40
14.0,480.00,24
13.8,472.00,40
14.0,472.00,32
14.0,472.00,32
14.2,472.00,40
13.8,472.00,32
14.4,464.00,40
13.8,472.00,40
14.2,464.00,32
13.8,472.00,32
14.0,472.00,40
14.0,472.00,32
14.0,472.00,32
13.8,464.00,24
14.0,472.00,32
13.8,472.00,32
14.0,480.00,32
14.0,472.00,24
13.6,472.00,56
14.0,480.00,32
14.0,472.00,32
14.0,472.00,32
13.8,472.00,32
14.0,464.00,24
13.8,456.00,32
14.0,464.00,32
14.0,472.00,40
13.8,472.00,24
13.8,464.00,32
14.0,472.00,40
14.0,464.00,32
14.0,472.00,32
13.6,472.00,32
14.2,464.00,32
13.8,464.00,32
14.2,472.00,40
14.0,464.00,32
13.8,472.00,32
14.0,472.00,32
14.0,464.00,32
14.0,464.00,32
14.0,464.00,32
13.8,464.00,32
14.0,464.00,32
14.0,464.00,24
14.0,472.00,40
13.8,464.00,32
14.0,472.00,32
13.8,464.00,24
13.8,464.00,40
13.8,464.00,32
13.8,472.00,40
14.2,472.00,24
13.8,464.00,32
13.6,456.00,24
13.6,464.00,48
13.8,464.00,24
13.8,472.00,32
14.0,464.00,40
14.0,464.00,32
14.0,464.00,32
14.0,464.00,32
14.0,456.00,32
13.8,456.00,32
14.0,464.00,32
13.8,464.00,32
14.0,472.00,32
13.8,464.00,32
14.0,464.00,32
14.0,472.00,24
14.2,464.00,32
13.8,464.00,24
14.0,464.00,32
14.0,464.00,24
14.0,472.00,32
13.8,464.00,24
14.0,464.00,24
14.0,464.00,24
14.0,472.00,40
13.8,464.00,32
13.8,464.00,32
13.8,464.00,24
13.8,464.00,32
13.8,464.00,24
14.0,464.00,32
14.0,456.00,24
13.8,464.00,40
13.8,464.00,32
13.8,456.00,40
14.0,464.00,32
13.8,464.00,32
13.8,456.00,24
14.0,464.00,32
14.0,464.00,24
14.0,464.00,32
13.8,464.00,40
13.8,472.00,40
13.8,456.00,24
13.8,464.00,40
14.0,464.00,16
14.0,464.00,24
14.0,464.00,32
14.0,456.00,24
14.2,464.00,32
13.6,472.00,24
14.0,464.00,32
13.8,456.00,16
13.8,464.00,40
13.8,464.00,32
13.8,464.00,32
13.8,464.00,24
14.0,448.00,24
13.6,456.00,24
14.2,464.00,32
13.8,464.00,24
13.8,464.00,32
13.8,464.00,24
13.8,456.00,24
13.8,464.00,32
13.8,456.00,40
14.2,464.00,24
13.8,456.00,32
13.8,456.00,16
14.0,456.00,24
13.8,456.00,24
13.8,464.00,32
14.0,456.00,24
13.8,464.00,24
13.8,464.00,32
14.0,448.00,32
13.8,464.00,32
14.0,464.00,32
14.0,464.00,32
13.8,464.00,24
14.0,456.00,32
14.0,456.00,24
13.8,456.00,32
13.8,456.00,32
14.0,456.00,32
13.8,456.00,32
14.2,456.00,24
14.0,456.00,24
13.8,456.00,32
14.0,456.00,16
13.8,464.00,24
14.0,464.00,24
13.8,464.00,32
13.8,456.00,32
14.0,464.00,32
13.8,464.00,24
14.0,464.00,32
14.0,456.00,16
13.8,456.00,32
13.8,464.00,24
13.8,464.00,40
13.8,464.00,24
13.8,456.00,32
14.0,464.00,16
13.6,456.00,32
14.0,464.00,24
14.0,464.00,32
14.0,464.00,24
13.8,464.00,32
14.0,464.00,16
13.8,464.00,32
14.0,456.00,32
13.8,456.00,24
14.0,464.00,24
14.0,448.00,16
14.0,456.00,24
13.8,456.00,32
14.0,448.00,32
14.2,456.00,16
14.0,456.00,24
13.8,464.00,16
13.8,456.00,24
14.0,456.00,8
14.0,464.00,32
13.8,456.00,24
13.8,456.00,24
13.6,464.00,24
13.8,456.00,40
13.8,448.00,32
13.8,456.00,40
14.0,456.00,24
14.0,456.00,32
13.6,456.00,24
13.8,456.00,32
13.8,464.00,24
13.8,456.00,24
14.0,456.00,16
14.0,456.00,32
13.8,456.00,24
14.0,456.00,24
13.8,456.00,32
13.6,456.00,40
14.0,456.00,32
14.0,456.00,32
14.0,464.00,24
14.0,464.00,24
14.2,448.00,16
14.0,456.00,16
13.8,456.00,32
13.8,464.00,16
14.0,448.00,24
13.8,456.00,16
13.8,456.00,32
13.8,456.00,16
14.0,456.00,32
14.2,456.00,24
13.8,448.00,32
13.8,456.00,16
13.8,456.00,24
13.8,456.00,24
13.8,464.00,24
13.8,464.00,16
13.8,448.00,40
13.8,456.00,24
14.0,456.00,24
13.8,448.00,24
13.8,456.00,16
13.8,448.00,24
14.0,448.00,32
13.8,456.00,16
13.8,456.00,16
13.8,456.00,24
13.8,456.00,32
14.0,456.00,32
14.0,464.00,24
14.0,464.00,32
13.8,448.00,24
14.0,448.00,24
13.6,456.00,24
14.2,448.00,24
14.0,456.00,16
13.8,456.00,32
13.8,456.00,24
14.0,456.00,32
13.6,456.00,24
14.0,456.00,24
13.6,456.00,16
14.0,456.00,40
14.0,456.00,24
13.8,456.00,32
14.0,448.00,32
13.8,456.00,32
13.8,448.00,16
13.8,456.00,32
13.8,448.00,16
14.0,456.00,24
13.8,456.00,16
13.8,448.00,24
13.6,456.00,24
13.6,464.00,32
13.8,456.00,16
13.8,464.00,24
14.0,456.00,16
13.8,456.00,24
13.8,456.00,24
13.6,456.00,24
14.0,456.00,32
13.8,456.00,24
14.0,448.00,32
13.8,456.00,32
14.0,456.00,32
13.8,456.00,16
13.8,456.00,32
14.0,448.00,24
13.8,448.00,24
13.6,456.00,24
14.0,456.00,24
14.0,456.00,24
13.8,456.00,16
14.0,456.00,16
13.8,464.00,24
14.0,456.00,16
14.0,456.00,24
13.8,456.00,24
13.8,456.00,32
13.8,456.00,24
13.8,448.00,32
13.8,456.00,16
13.8,448.00,24
14.0,456.00,16
13.8,448.00,24
13.6,456.00,16
13.8,456.00,32
13.8,456.00,16
13.8,456.00,24
13.8,456.00,16
14.0,456.00,24
14.0,448.00,32
13.8,456.00,32
13.8,456.00,32
14.0,456.00,40
14.0,456.00,24
13.8,456.00,24
13.8,456.00,24
14.0,448.00,16
14.0,456.00,24
14.0,456.00,16
13.8,448.00,24
13.8,456.00,24
13.8,448.00,32
13.8,456.00,24
13.8,448.00,32
13.6,456.00,24
13.8,456.00,32
14.0,456.00,24
14.0,448.00,32
13.8,448.00,16
13.8,456.00,32
13.8,456.00,24
13.8,456.00,24
13.8,456.00,16
14.0,448.00,24
13.8,448.00,24
13.8,456.00,24
13.8,448.00,16
13.8,448.00,32
14.0,448.00,24
13.8,456.00,24
13.8,456.00,32
13.8,448.00,32
13.8,456.00,8
13.8,456.00,24
14.0,448.00,24
14.0,456.00,24
13.8,456.00,16
13.8,448.00,24
14.0,456.00,24
13.8,448.00,24
14.0,448.00,24
13.8,456.00,16
14.0,448.00,24
13.8,448.00,24
14.0,456.00,32
14.0,448.00,24
13.8,448.00,16
13.8,448.00,24
14.0,456.00,32
13.8,456.00,16
13.8,448.00,32
13.6,448.00,16
13.8,456.00,24
14.0,448.00,16
13.8,456.00,16
13.8,456.00,16
14.0,448.00,32
13.8,456.00,24
13.8,448.00,16
13.6,448.00,24
13.6,448.00,32
13.8,456.00,16
13.8,448.00,24
14.0,448.00,16
13.8,456.00,24
14.0,448.00,16
13.8,448.00,16
13.8,456.00,24
13.8,440.00,16
14.2,456.00,32
13.8,456.00,16
13.8,448.00,16
13.8,448.00,24
14.0,456.00,24
13.8,448.00,16
14.2,456.00,32
13.8,456.00,16
14.0,440.00,24
14.0,448.00,16
13.8,448.00,24
13.8,456.00,16
14.0,448.00,24
14.0,448.00,8
13.8,456.00,24
13.6,456.00,8
13.8,448.00,24
14.0,456.00,24
13.8,448.00,32
13.8,456.00,16
14.0,456.00,24
13.8,448.00,16
13.8,448.00,24
13.6,448.00,24
13.8,448.00,24
13.8,448.00,24
13.8,448.00,24
13.6,448.00,24
13.8,448.00,24
14.0,448.00,24
13.8,448.00,24
13.8,456.00,24
13.6,448.00,32
13.8,448.00,16
13.8,448.00,24
13.8,456.00,24
14.0,448.00,16
13.8,448.00,16
14.0,456.00,8
14.0,456.00,32
13.6,456.00,8
14.0,448.00,24
13.8,448.00,16
14.0,448.00,24
13.8,448.00,24
13.8,448.00,32
13.8,448.00,16
13.8,440.00,32
13.6,448.00,8
13.8,456.00,24
14.0,456.00,16
13.8,448.00,24
14.0,456.00,8
13.8,456.00,40
13.8,448.00,16
13.8,448.00,16
13.8,448.00,16
13.6,448.00,24
13.6,456.00,16
13.8,448.00,24
14.0,448.00,16
13.8,448.00,32
13.8,448.00,24
13.8,448.00,32
13.8,456.00,24
14.0,448.00,24
13.8,456.00,24
13.8,448.00,24
14.0,456.00,16
14.0,456.00,32
13.8,448.00,24
13.8,456.00,16
13.8,448.00,24
13.8,456.00,16
14.0,456.00,32
13.6,456.00,8
14.0,448.00,16
13.8,448.00,16
14.0,456.00,24
13.8,456.00,16
13.6,456.00,24
13.8,456.00,16
13.8,456.00,24
13.8,448.00,8
13.8,448.00,24
13.8,448.00,24
13.8,456.00,24
14.0,448.00,8
14.0,448.00,24
13.6,456.00,16
13.6,448.00,32
13.8,456.00,16
13.8,448.00,24
13.8,448.00,16
13.8,456.00,16
14.0,448.00,8
13.8,448.00,24
13.8,456.00,16
13.8,448.00,24
14.0,448.00,24
14.0,448.00,24
14.0,448.00,16
14.0,448.00,24
14.0,456.00,24
13.8,456.00,16
14.2,448.00,24
13.8,448.00,16
14.0,448.00,24
14.0,456.00,16
14.0,448.00,16
13.8,456.00,16
14.0,456.00,16
14.0,456.00,8
14.0,456.00,32
14.0,448.00,24
13.8,456.00,32
13.6,448.00,24
13.8,448.00,24
13.8,448.00,16
14.0,448.00,24
14.0,448.00,16
14.0,448.00,32
13.8,448.00,16
13.8,456.00,32
13.8,448.00,24
14.0,448.00,24
13.6,440.00,16
13.8,456.00,32
14.0,448.00,24
14.0,456.00,24
14.0,456.00,32
13.8,456.00,40
14.0,456.00,24
14.0,448.00,24
14.0,456.00,16
14.0,448.00,24
14.0,456.00,16
14.0,456.00,8
13.8,448.00,24
13.8,448.00,16
14.0,456.00,24
13.8,448.00,16
14.0,456.00,32
13.8,456.00,24
13.8,456.00,24
14.0,456.00,16
14.0,448.00,24
13.8,456.00,16
13.8,456.00,24
13.8,456.00,16
14.0,448.00,16
14.0,456.00,16
14.0,456.00,24
14.0,448.00,16
13.8,456.00,32
14.0,448.00,16
14.0,440.00,24
13.8,448.00,8
13.8,456.00,16
14.0,448.00,16
13.8,456.00,16
14.0,456.00,16
14.0,448.00,16
14.0,448.00,24
14.0,448.00,24
14.0,456.00,24
14.0,456.00,32
14.0,448.00,24
13.8,448.00,24
14.2,448.00,24
14.0,448.00,24
14.2,448.00,24
14.0,456.00,16
14.0,456.00,24
14.0,456.00,16
14.0,456.00,24
13.6,456.00,8
14.2,448.00,32
14.2,456.00,8
14.0,448.00,24
13.8,456.00,16
14.0,456.00,32
14.0,456.00,16
14.2,456.00,32
14.2,456.00,16
14.0,456.00,24
14.0,448.00,8
14.0,448.00,32
13.8,456.00,24
14.0,456.00,24
13.8,464.00,16
14.2,448.00,24
14.0,448.00,8
14.0,448.00,16
14.0,448.00,16
14.2,448.00,24
14.2,456.00,16
14.0,448.00,24
14.2,448.00,32
14.0,456.00,24
14.2,448.00,24
14.0,448.00,16
14.0,456.00,24
14.2,456.00,8
14.2,448.00,24
14.2,440.00,16
14.2,456.00,24
14.2,448.00,8
14.2,456.00,24
14.0,448.00,8
14.2,456.00,24
14.2,456.00,0
14.0,456.00,32
14.0,448.00,24
14.0,456.00,24
14.0,448.00,8
14.0,456.00,32
14.0,448.00,16
14.0,456.00,16
14.2,456.00,16
14.2,448.00,16
14.0,448.00,16
14.0,448.00,32
14.2,456.00,24
14.0,456.00,24
14.0,464.00,24
14.4,456.00,16
14.2,448.00,16
14.0,456.00,24
14.0,456.00,32
14.0,456.00,40
14.0,448.00,24
14.0,448.00,16
14.0,456.00,16
14.2,448.00,24
14.2,448.00,24
14.2,448.00,8
14.2,456.00,32
14.0,456.00,16
14.2,440.00,24
14.4,456.00,16
14.2,464.00,24
14.2,448.00,24
14.0,456.00,32
14.4,456.00,16
14.2,440.00,24
14.0,456.00,24
14.2,456.00,24
14.0,448.00,24
14.2,464.00,24
14.2,464.00,16
14.0,448.00,32
14.0,448.00,16
14.2,448.00,24
13.8,448.00,16
14.0,448.00,24
14.2,456.00,16
14.2,448.00,24
14.4,448.00,16
14.2,456.00,24
14.2,456.00,16
14.2,448.00,24
14.2,456.00,24
14.2,448.00,24
14.2,448.00,16
14.2,456.00,32
14.4,456.00,32
14.0,456.00,24
14.6,464.00,16
14.2,448.00,16
14.0,456.00,24
14.2,456.00,24
14.4,448.00,32
14.2,456.00,16
14.4,456.00,24
14.2,456.00,16
14.4,448.00,32
14.4,448.00,16
14.4,456.00,24
14.2,448.00,16
14.4,464.00,32
14.2,448.00,16
14.2,456.00,24
14.2,448.00,16
14.4,456.00,24
14.0,448.00,8
14.4,456.00,24
13.8,456.00,24
14.2,456.00,32
14.4,456.00,16
14.2,456.00,32
14.0,456.00,16
14.2,440.00,24
14.4,448.00,16
14.2,448.00,16
14.4,464.00,24
14.2,456.00,24
14.4,456.00,16
14.2,464.00,24
14.4,456.00,16
14.4,448.00,16
14.2,456.00,24
14.6,448.00,16
14.4,448.00,24
14.2,456.00,16
14.6,448.00,16
14.2,456.00,8
14.2,456.00,16
14.4,456.00,8
14.2,456.00,16
14.2,448.00,8
14.4,456.00,24
14.2,464.00,24
14.2,464.00,32
14.2,448.00,24
14.2,456.00,24
14.4,456.00,16
14.2,456.00,32
14.2,448.00,16
14.2,464.00,32
14.0,464.00,16
14.2,448.00,32
14.2,464.00,16
14.2,464.00,24
14.2,456.00,16
14.4,456.00,24
14.6,448.00,16
14.4,456.00,24
14.2,456.00,24
14.4,456.00,40
14.4,448.00,24
14.4,448.00,24
14.4,464.00,16
14.4,448.00,16
14.4,448.00,16
14.4,456.00,8
14.4,464.00,32
14.4,456.00,16
14.4,448.00,32
14.2,456.00,24
14.4,472.00,32
14.6,456.00,16
14.4,464.00,32
14.4,448.00,8
14.4,448.00,32
14.2,456.00,16
14.4,464.00,24
14.2,456.00,16
14.4,464.00,16
14.4,464.00,8
14.6,456.00,24
14.4,456.00,16
14.2,456.00,24
14.0,464.00,24
14.2,464.00,24
14.4,448.00,8
14.4,456.00,24
14.4,456.00,8
14.4,456.00,16
14.4,456.00,8
14.4,456.00,32
14.4,456.00,32
14.4,456.00,24
14.6,464.00,24
14.4,464.00,16
14.4,448.00,32
14.4,456.00,24
14.4,456.00,24
14.4,456.00,8
14.4,456.00,24
14.4,464.00,32
14.6,464.00,24
14.6,456.00,8
14.4,456.00,16
14.4,448.00,16
14.2,456.00,24
14.6,464.00,16
14.6,448.00,24
14.4,456.00,24
14.4,464.00,32
14.4,448.00,8
14.6,456.00,32
14.4,448.00,24
14.6,456.00,24
14.4,456.00,16
14.2,464.00,32
14.4,456.00,16
14.2,464.00,32
14.6,464.00,8
14.2,464.00,24
14.4,456.00,16
14.4,464.00,16
14.6,456.00,16
14.4,464.00,24
14.6,464.00,24
14.6,464.00,24
14.6,456.00,32
14.6,456.00,24
14.6,456.00,8
14.4,464.00,16
14.4,464.00,24
14.4,456.00,16
14.4,456.00,24
14.4,464.00,16
14.4,456.00,24
14.8,448.00,16
14.4,456.00,24
14.4,456.00,8
14.4,456.00,24
14.6,456.00,8
14.2,464.00,24
14.6,464.00,8
14.2,464.00,32
14.8,456.00,24
14.4,456.00,24
14.6,464.00,24
14.4,464.00,16
14.8,456.00,16
14.4,456.00,24
14.2,456.00,16
14.2,456.00,32
14.6,464.00,24
14.4,464.00,24
14.6,456.00,16
14.8,456.00,24
14.6,456.00,24
14.6,464.00,24
14.4,456.00,32
14.4,464.00,24
14.6,456.00,16
14.6,464.00,16
14.4,464.00,24
14.6,464.00,24
14.4,456.00,16
14.8,464.00,8
14.4,456.00,24
14.4,464.00,8
14.4,464.00,24
14.4,456.00,24
14.4,456.00,24
14.6,456.00,24
14.4,464.00,24
14.6,472.00,16
14.4,456.00,24
14.4,464.00,8
14.4,464.00,24
14.4,456.00,24
14.2,456.00,32
14.6,464.00,16
14.4,464.00,32
14.6,456.00,16
14.4,456.00,24
14.4,456.00,16
14.2,456.00,16
14.6,464.00,16
14.4,456.00,24
14.6,464.00,16
14.4,464.00,24
14.4,456.00,24
14.4,456.00,24
14.4,464.00,24
14.4,464.00,16
14.4,464.00,8
14.6,464.00,16
14.6,464.00,32
14.6,464.00,24
14.6,472.00,32
14.6,456.00,16
14.4,464.00,24
14.6,472.00,24
14.6,464.00,24
14.6,456.00,16
14.4,464.00,16
14.6,464.00,16
14.6,464.00,32
14.8,464.00,8
14.2,464.00,24
14.6,456.00,16
14.6,464.00,24
14.8,456.00,24
14.4,464.00,24
14.6,464.00,16
14.6,464.00,32
14.8,472.00,16
14.4,464.00,24
14.6,464.00,16
14.2,464.00,24
14.6,472.00,16
14.6,464.00,24
14.6,456.00,16
14.6,464.00,24
14.6,464.00,16
14.6,464.00,24
14.6,456.00,24
14.6,464.00,16
14.6,456.00,16
14.6,464.00,16
14.6,464.00,24
14.6,472.00,16
14.6,464.00,24
14.8,472.00,16
14.6,464.00,24
14.4,464.00,16
14.6,456.00,24
14.8,464.00,24
14.6,464.00,16
14.4,456.00,16
14.6,464.00,16
14.6,464.00,16
14.6,464.00,24
14.8,472.00,16
14.6,464.00,24
14.6,472.00,24
14.2,456.00,24
14.4,464.00,16
14.4,472.00,24
14.8,472.00,8
14.6,456.00,24
14.4,464.00,16
14.4,464.00,24
14.6,464.00,24
14.6,464.00,16
14.4,464.00,16
14.6,464.00,24
14.8,464.00,24
14.6,472.00,24
14.6,472.00,24
14.4,472.00,40
14.6,472.00,24
14.8,464.00,24
14.6,472.00,16
14.6,472.00,16
14.8,464.00,16
14.6,472.00,8
14.6,464.00,24
14.4,472.00,16
15.0,464.00,24
14.6,464.00,16
14.8,464.00,24
14.6,464.00,16
14.4,464.00,24
14.6,464.00,16
14.8,464.00,24
14.4,472.00,16
14.6,464.00,24
14.4,464.00,16
14.8,472.00,24
14.4,472.00,8
14.4,472.00,24
14.6,480.00,16
14.6,472.00,24
14.6,472.00,16
14.4,472.00,24
14.6,472.00,16
14.6,464.00,24
14.8,464.00,16
14.6,472.00,16
14.8,472.00,8
14.6,464.00,16
14.6,464.00,24
14.6,472.00,16
14.8,472.00,16
14.6,472.00,24
15.0,472.00,24
14.6,464.00,24
14.8,464.00,16
14.6,464.00,8
14.6,464.00,24
14.4,472.00,8
14.8,472.00,24
14.6,464.00,24
14.8,464.00,16
14.6,472.00,16
14.6,472.00,16
14.8,464.00,16
14.8,464.00,32
14.6,464.00,16
14.8,472.00,32
14.6,472.00,24
14.8,472.00,24
14.6,464.00,24
14.8,464.00,24
14.6,480.00,16
14.8,464.00,16
14.4,472.00,16
14.4,464.00,32
14.8,472.00,24
14.6,464.00,16
14.6,472.00,8
14.6,464.00,24
14.8,472.00,16
14.6,464.00,32
14.6,472.00,16
14.6,464.00,24
14.6,464.00,16
14.8,472.00,24
14.8,464.00,24
14.8,464.00,8
14.8,472.00,16
14.8,472.00,16
14.8,464.00,24
14.6,472.00,16
15.0,480.00,24
14.6,472.00,16
14.6,464.00,24
14.4,464.00,16
14.6,472.00,16
14.8,464.00,16
14.6,464.00,32
14.6,472.00,16
14.6,464.00,24
14.8,472.00,24
14.4,464.00,32
14.8,472.00,16
14.8,472.00,24
14.8,480.00,16
14.6,464.00,24
14.8,472.00,16
14.8,472.00,32
14.8,472.00,16
14.8,472.00,24
14.6,472.00,16
14.8,464.00,16
14.8,472.00,16
14.8,472.00,24
14.6,480.00,24
14.8,472.00,32
14.8,472.00,24
14.8,464.00,24
14.8,472.00,16
14.6,472.00,24
14.8,464.00,16
14.8,472.00,16
14.8,480.00,24
14.4,472.00,16
15.0,472.00,24
15.0,472.00,16
14.6,472.00,32
15.0,472.00,16
14.6,480.00,24
15.0,480.00,8
14.8,472.00,16
14.6,472.00,16
14.6,472.00,24
14.6,464.00,24
14.8,472.00,24
14.8,472.00,16
14.8,464.00,32
14.8,472.00,16
14.8,472.00,24
14.6,472.00,24
14.6,464.00,24
14.8,464.00,24
14.8,472.00,24
14.6,472.00,16
14.8,472.00,24
14.6,456.00,16
14.6,472.00,24
14.8,472.00,16
14.6,472.00,24
14.8,480.00,8
14.8,472.00,16
14.8,472.00,24
14.6,472.00,24
14.8,472.00,16
14.8,464.00,16
14.8,472.00,24
14.6,472.00,24
14.8,464.00,32
14.8,472.00,8
14.8,480.00,16
14.6,464.00,8
14.8,472.00,32
14.8,464.00,16
14.8,472.00,24
14.8,472.00,24
14.8,472.00,24
14.6,472.00,16
14.6,472.00,24
14.6,472.00,8
14.6,472.00,24
14.6,472.00,16
14.6,472.00,24
14.4,472.00,16
14.8,472.00,24
14.8,480.00,16
14.6,472.00,24
15.0,464.00,16
14.8,472.00,24
14.8,472.00,16
14.8,472.00,16
14.8,472.00,16
14.8,480.00,24
14.6,472.00,24
14.8,472.00,16
15.0,472.00,24
15.0,472.00,24
15.0,472.00,24
14.8,472.00,16
14.8,472.00,24
14.6,480.00,8
14.8,472.00,16
14.4,472.00,8
14.6,480.00,24
14.4,472.00,16
14.6,472.00,24
14.8,472.00,8
14.8,472.00,24
14.8,480.00,16
14.8,480.00,32
14.8,480.00,24
14.8,472.00,32
14.8,472.00,16
15.0,480.00,24
15.0,480.00,16
14.8,472.00,24
14.6,472.00,16
14.6,472.00,24
14.8,472.00,16
14.8,472.00,24
14.8,480.00,16
14.8,480.00,16
15.0,464.00,16
14.8,472.00,24
14.6,472.00,24
14.8,472.00,32
14.8,472.00,32
15.0,472.00,24
14.8,472.00,24
14.8,472.00,16
15.0,464.00,16
14.8,480.00,8
14.8,472.00,24
14.8,480.00,24
14.8,464.00,24
15.0,472.00,8
15.0,480.00,24
14.8,480.00,16
15.0,480.00,32
14.8,480.00,16
14.8,480.00,24
14.8,480.00,16
14.8,480.00,16
14.6,480.00,8
14.8,480.00,32
15.0,472.00,16
14.8,472.00,16
14.8,472.00,16
14.8,472.00,32
14.8,472.00,16
14.6,480.00,24
14.6,480.00,8
14.8,472.00,16
14.8,472.00,16
15.0,480.00,24
14.8,480.00,16
14.8,480.00,24
14.6,480.00,16
14.6,472.00,16
14.8,488.00,24
14.8,480.00,16
14.8,480.00,24
14.6,472.00,16
15.0,480.00,24
15.0,480.00,24
14.8,472.00,24
14.4,488.00,24
14.8,472.00,24
14.8,480.00,16
14.8,488.00,16
15.0,472.00,24
14.8,472.00,32
15.0,472.00,16
14.8,472.00,24
14.8,472.00,8
14.8,472.00,16
14.8,472.00,8
15.0,472.00,32
14.8,480.00,16
15.0,480.00,24
14.8,480.00,8
14.8,480.00,24
14.6,472.00,16
14.8,480.00,32
14.8,480.00,16
14.8,472.00,24
14.8,480.00,16
14.6,480.00,24
14.8,480.00,16
14.8,480.00,24
14.8,472.00,16
14.8,480.00,24
15.0,472.00,24
15.0,480.00,24
14.8,472.00,32
14.6,472.00,16
14.8,488.00,24
15.0,488.00,24
15.0,488.00,24
14.8,480.00,8
14.8,480.00,32
15.0,472.00,16
15.0,488.00,16
14.8,480.00,16
15.0,472.00,24
14.8,480.00,16
14.8,488.00,32
14.6,488.00,16
14.6,480.00,24
14.6,472.00,16
14.6,480.00,24
14.8,472.00,16
15.0,480.00,16
15.2,480.00,8
15.0,488.00,16
14.8,480.00,24
14.8,480.00,24
14.8,472.00,24
15.0,488.00,24
14.8,480.00,8
14.8,480.00,16
14.8,480.00,16
15.0,488.00,16
14.8,480.00,24
14.6,480.00,32
15.0,480.00,16
14.8,488.00,16
14.8,480.00,16
14.8,488.00,24
14.8,480.00,16
15.2,480.00,16
14.8,480.00,24
14.4,480.00,16
15.0,472.00,24
14.8,480.00,16
14.6,480.00,24
14.8,480.00,16
15.0,480.00,32
15.0,488.00,8
14.8,480.00,24
14.8,480.00,16
14.6,480.00,24
14.8,488.00,8
14.8,480.00,24
15.0,472.00,24
14.8,488.00,32
14.8,480.00,16
14.6,480.00,16
14.6,480.00,24
14.8,472.00,8
14.8,480.00,16
14.8,480.00,24
14.8,488.00,16
14.6,480.00,32
14.8,480.00,16
14.8,480.00,24
14.8,488.00,24
15.0,488.00,16
15.0,488.00,16
14.6,488.00,24
15.0,480.00,24
14.8,480.00,16
15.0,480.00,24
15.0,480.00,16
15.0,472.00,16
14.6,480.00,24
14.8,480.00,24
14.8,480.00,16
15.0,480.00,16
14.8,480.00,24
15.0,480.00,32
15.0,480.00,16
14.8,480.00,24
14.8,488.00,24
14.8,488.00,24
14.6,472.00,16
14.8,480.00,32
15.0,480.00,24
15.0,480.00,16
14.8,480.00,8
14.8,480.00,24
14.8,488.00,24
14.6,488.00,32
14.8,488.00,8
14.8,480.00,24
14.6,480.00,16
14.8,488.00,16
14.8,488.00,16
14.8,488.00,32
14.8,480.00,16
14.8,488.00,16
15.0,480.00,16
14.8,480.00,24
14.8,480.00,24
14.8,472.00,24
15.0,488.00,24
14.8,488.00,16
15.0,496.00,16
14.8,480.00,16
15.0,480.00,24
14.8,480.00,16
14.8,480.00,16
14.8,488.00,16
15.0,488.00,24
15.0,480.00,8
15.0,488.00,24
15.0,488.00,16
15.0,488.00,24
14.8,488.00,24
14.8,488.00,32
14.8,480.00,24
14.8,488.00,32
15.0,488.00,16
14.8,480.00,24
14.6,480.00,8
14.8,488.00,32
14.8,480.00,24
14.8,488.00,24
14.6,488.00,16
14.8,480.00,24
14.8,488.00,24
14.8,488.00,16
14.8,488.00,24
14.8,480.00,40
14.8,488.00,16
15.0,488.00,24
14.8,488.00,24
15.0,480.00,16
15.0,488.00,8
14.8,488.00,16
14.8,480.00,32
14.8,496.00,16
15.0,480.00,16
14.8,488.00,16
15.0,480.00,32
15.0,488.00,16
15.0,488.00,24
15.0,496.00,16
14.8,488.00,24
15.0,488.00,16
14.8,480.00,24
15.0,488.00,16
14.8,488.00,24
14.8,480.00,8
14.8,488.00,8
15.0,480.00,16
15.0,480.00,24
14.8,488.00,16
14.8,480.00,32
15.0,488.00,8
14.8,488.00,16
14.8,488.00,16
15.0,488.00,24
14.8,488.00,16
14.8,496.00,24
15.0,488.00,24
14.8,480.00,24
15.0,488.00,24
15.0,488.00,16
15.2,480.00,24
14.8,488.00,24
14.8,496.00,24
15.0,496.00,16
15.0,480.00,24
14.6,488.00,24
14.6,488.00,24
14.8,488.00,16
15.0,488.00,24
14.8,488.00,16
15.0,488.00,24
15.2,480.00,8
14.8,488.00,24
14.8,488.00,8
15.0,488.00,24
15.0,488.00,16
15.0,488.00,24
14.8,488.00,16
15.2,496.00,24
15.0,488.00,16
15.0,496.00,32
14.6,496.00,24
14.8,496.00,24
14.8,496.00,8
15.0,488.00,24
14.6,480.00,8
15.0,488.00,24
15.0,488.00,16
15.0,496.00,32
14.8,488.00,24
14.8,496.00,24
15.2,488.00,24
14.8,488.00,16
14.6,488.00,24
14.8,496.00,16
15.0,496.00,16
15.0,496.00,16
14.8,488.00,24
14.8,496.00,16
15.0,488.00,24
15.0,488.00,8
15.0,496.00,16
14.6,488.00,16
14.8,496.00,8
14.8,488.00,16
14.8,496.00,32
15.0,488.00,24
14.8,488.00,32
14.8,488.00,24
15.0,488.00,32
14.8,480.00,16
15.0,496.00,24
15.0,496.00,8
14.8,496.00,24
14.8,488.00,16
14.8,488.00,32
15.0,496.00,16
14.8,488.00,16
14.8,488.00,16
15.0,496.00,24
15.2,496.00,24
14.8,488.00,24
14.8,488.00,32
14.8,496.00,32
14.8,496.00,24
15.2,496.00,16
15.0,496.00,16
15.0,496.00,24
15.0,488.00,16
15.0,488.00,16
15.0,488.00,24
14.8,496.00,24
15.0,496.00,24
15.0,496.00,16
14.8,488.00,24
14.8,488.00,24
15.0,496.00,24
15.0,488.00,16
15.2,496.00,24
15.0,496.00,16
14.6,496.00,32
14.8,496.00,16
14.8,488.00,32
14.8,496.00,16
15.0,496.00,16
15.0,496.00,24
15.0,496.00,24
14.8,496.00,16
14.8,496.00,24
14.8,496.00,8
14.8,488.00,24
14.8,496.00,16
14.6,496.00,24
14.8,496.00,16
15.0,488.00,24
15.0,488.00,16
14.8,504.00,24
14.8,496.00,24
14.8,488.00,16
15.0,496.00,32
14.8,504.00,16
15.2,496.00,24
15.0,488.00,16
14.8,496.00,16
14.8,496.00,24
15.2,496.00,32
14.8,488.00,8
15.0,488.00,16
15.0,496.00,24
15.0,488.00,16
15.0,496.00,8
15.0,488.00,24
14.8,496.00,24
15.0,504.00,32
15.2,496.00,16
14.8,488.00,24
14.8,496.00,16
15.0,496.00,24
14.8,496.00,16
15.0,496.00,24
14.8,488.00,24
14.8,496.00,24
15.0,496.00,16
15.0,496.00,24
15.0,496.00,16
15.0,496.00,24
15.0,488.00,16
15.2,496.00,24
14.8,496.00,16
14.8,496.00,24
15.0,488.00,24
15.0,496.00,16
15.0,496.00,16
15.0,496.00,24
15.2,496.00,24
15.0,496.00,16
15.0,488.00,24
14.8,504.00,16
15.2,496.00,24
15.0,488.00,16
14.8,496.00,16
14.8,496.00,16
15.0,496.00,24
15.0,488.00,0
15.0,496.00,16
14.8,504.00,16
15.0,504.00,24
14.8,504.00,24
14.8,496.00,32
15.0,496.00,16
15.0,496.00,24
15.0,496.00,16
15.0,496.00,24
14.6,488.00,16
14.8,504.00,24
15.0,496.00,16
14.8,496.00,24
14.8,488.00,16
14.8,488.00,16
15.0,496.00,16
14.8,496.00,24
15.0,488.00,32
15.0,504.00,40
15.0,496.00,24
15.2,496.00,16
15.0,496.00,16
15.0,496.00,16
15.0,496.00,16
15.0,488.00,24
15.0,488.00,32
14.8,496.00,24
15.0,496.00,16
15.2,496.00,8
15.0,496.00,24
15.0,496.00,16
15.0,504.00,16
15.2,496.00,16
15.0,488.00,24
14.8,496.00,16
14.8,488.00,16
14.8,504.00,8
15.0,504.00,16
14.8,496.00,16
15.0,496.00,32
14.8,496.00,16
15.0,504.00,24
14.8,504.00,16
15.0,496.00,24
14.8,496.00,16
14.8,488.00,24
15.0,496.00,16
14.8,496.00,16
14.8,496.00,16
15.0,496.00,24
15.0,504.00,16
14.8,512.00,24
15.0,496.00,24
15.0,504.00,24
15.0,488.00,32
15.0,496.00,24
15.2,504.00,24
15.0,496.00,16
15.2,496.00,24
14.8,504.00,24
15.0,504.00,24
15.2,488.00,8
15.0,504.00,24
15.0,496.00,24
15.2,496.00,24
14.8,496.00,16
15.0,496.00,16
14.8,504.00,16
15.0,504.00,24
15.0,496.00,16
15.0,496.00,32
14.8,504.00,8
15.2,504.00,24
15.0,504.00,8
14.8,504.00,32
14.8,496.00,16
15.0,496.00,32
15.0,496.00,8
15.0,496.00,24
15.0,496.00,16
14.8,504.00,24
15.2,496.00,16
15.0,504.00,16
15.0,496.00,16
15.0,504.00,24
15.0,496.00,16
15.0,504.00,32
15.0,496.00,16
15.0,496.00,8
15.0,496.00,16
15.2,496.00,16
15.2,504.00,32
14.8,496.00,16
15.2,496.00,16
15.0,496.00,8
15.2,504.00,16
15.0,504.00,8
15.2,496.00,24
15.0,504.00,8
15.0,504.00,24
14.6,504.00,16
14.8,504.00,32
15.0,504.00,16
14.8,496.00,24
14.8,496.00,16
14.8,504.00,24
15.0,504.00,16
15.0,512.00,24
14.8,496.00,8
15.0,496.00,24
15.0,504.00,16
15.0,496.00,24
15.0,496.00,8
15.2,496.00,24
15.0,504.00,16
15.0,504.00,24
14.8,496.00,24
14.8,512.00,32
14.8,496.00,16
15.2,496.00,16
15.2,504.00,16
15.0,504.00,24
15.2,504.00,16
15.2,504.00,16
15.0,504.00,24
14.8,504.00,24
15.2,496.00,24
15.0,496.00,8
15.2,496.00,24
15.0,504.00,16
15.0,504.00,24
14.8,504.00,16
15.0,504.00,24
15.0,496.00,16
15.0,496.00,16
14.6,504.00,16
15.0,496.00,24
15.0,488.00,8
15.0,504.00,24
15.0,504.00,8
15.0,504.00,16
15.0,496.00,16
14.8,496.00,24
15.0,504.00,8
15.0,496.00,32
15.0,504.00,8
15.0,512.00,16
14.8,504.00,24
14.8,504.00,24
15.0,512.00,24
14.8,504.00,24
15.0,504.00,16
15.0,504.00,24
15.0,504.00,24
14.8,504.00,16
15.2,504.00,32
15.2,504.00,16
15.0,504.00,24
14.8,504.00,24
15.0,512.00,16
15.0,496.00,16
15.0,504.00,16
14.6,512.00,16
15.2,496.00,24
14.8,496.00,16
15.0,504.00,16
14.8,496.00,16
15.0,512.00,32
14.8,504.00,16
15.0,512.00,24
14.8,504.00,16
15.0,504.00,24
15.0,512.00,16
15.0,512.00,24
14.8,504.00,24
14.8,512.00,32
14.8,504.00,16
15.0,504.00,24
14.8,512.00,16
15.2,512.00,16
15.0,496.00,24
15.0,504.00,24
15.0,512.00,16
15.0,504.00,24
15.2,504.00,16
15.2,496.00,24
15.0,512.00,16
15.0,504.00,24
15.2,504.00,24
15.2,504.00,16
14.8,496.00,24
14.8,504.00,24
15.0,496.00,16
15.0,504.00,16
15.0,504.00,16
15.0,496.00,16
15.0,496.00,24
14.8,504.00,8
15.0,504.00,24
15.0,512.00,16
15.0,512.00,16
15.0,504.00,16
15.0,504.00,32
15.0,504.00,8
15.0,512.00,24
15.2,512.00,16
15.2,496.00,16
14.6,504.00,16
15.0,504.00,24
14.8,504.00,24
14.8,504.00,16
15.0,504.00,24
14.8,504.00,16
15.2,504.00,24
14.8,504.00,24
14.8,504.00,24
15.0,512.00,32
15.0,504.00,24
14.8,504.00,16
15.0,512.00,16
15.0,512.00,16
15.4,504.00,8
15.2,504.00,8
15.0,504.00,24
14.8,512.00,24
15.2,504.00,24
15.0,512.00,8
15.0,504.00,24
15.0,512.00,16
15.0,504.00,24
15.0,512.00,8
15.0,512.00,24
15.0,512.00,16
14.8,512.00,24
14.8,512.00,16
15.0,504.00,24
15.0,504.00,16
15.0,504.00,24
15.0,512.00,16
15.0,504.00,24
15.0,504.00,24
14.8,512.00,24
15.0,512.00,8
15.0,504.00,16
15.0,520.00,16
15.0,512.00,24
15.0,504.00,8
15.2,512.00,24
15.0,512.00,24
15.0,504.00,24
15.0,512.00,16
14.8,520.00,16
15.0,504.00,24
15.2,512.00,24
15.0,512.00,24
15.2,504.00,16
15.0,512.00,24
14.8,504.00,16
15.2,512.00,24
14.8,512.00,16
15.0,504.00,24
15.0,512.00,16
15.2,504.00,16
15.0,504.00,16
14.8,504.00,24
15.0,504.00,24
14.8,512.00,40
14.8,512.00,16
15.0,512.00,24
15.0,512.00,16
15.0,512.00,24
15.0,512.00,8
14.8,512.00,32
14.8,504.00,24
15.0,504.00,32
15.0,504.00,16
15.0,512.00,24
15.0,512.00,8
15.2,504.00,16
15.0,504.00,24
15.0,504.00,16
15.0,504.00,16
14.8,520.00,24
15.0,504.00,16
15.0,512.00,24
15.0,512.00,16
14.8,504.00,8
15.0,504.00,24
15.0,512.00,8
15.2,504.00,24
15.0,512.00,16
15.4,512.00,24
15.0,512.00,16
15.0,512.00,24
15.0,512.00,8
15.0,504.00,16
15.0,512.00,16
15.0,512.00,16
15.0,512.00,16
15.0,512.00,24
14.8,512.00,8
14.8,512.00,32
15.0,512.00,16
15.0,512.00,32
15.2,512.00,24
14.8,512.00,24
14.8,504.00,16
14.8,512.00,24
14.8,512.00,24
15.0,512.00,24
14.8,512.00,16
15.0,512.00,24
15.0,504.00,16
14.8,512.00,32
14.8,520.00,24
14.8,520.00,32
15.0,512.00,24
15.2,512.00,24
15.0,512.00,24
14.8,520.00,16
15.2,512.00,8
15.0,512.00,8
15.2,512.00,32
15.0,512.00,8
15.2,512.00,24
15.0,512.00,8
15.2,512.00,24
15.0,512.00,24
15.0,512.00,24
15.0,512.00,16
15.0,512.00,24
14.8,512.00,16
14.8,512.00,16
14.8,512.00,16
15.2,512.00,32
15.0,512.00,24
15.0,512.00,24
15.0,512.00,16
